Real,ADJ,CMC,CPL,VERB
0,0.0073637,0.0224,0.035299,0.012635
0,0.0057859,0.01955,0.016629,0.023937
0,0.011998,0.016473,0.018181,0.012075
0,0.0079964,0.0053761,0.038987,0.014988
0,0.01371,0.00028882,0.046019,0.068594
0,0.0048519,0.0082866,0.013972,0.012483
0,0.014278,0.0073911,0.015969,0.010255
0,0.012326,0.010278,0.011369,0.010222
0,0.007354,0.051545,0.010926,0.013964
0,0.01371,0.010792,0.018327,0.020024
0,0.0070687,0.010611,0.014925,0.0036561
0,0.015292,0.039401,0.016993,0.011427
0,0.0021365,0.0098282,0.015791,0.015474
0,0.006957,0.071211,0.012241,0.013259
0,0.01371,0.021784,0.014223,0.0056753
0,0.00058029,0.006373,0.015331,0.0137
0,0.014292,0.0028728,0.012633,0.0067059
0,0.0025088,0.004866,0.01591,0.011646
0,0.0088639,0.00069343,0.015591,0.017374
0,0.0084707,0.0077068,0.017378,0.012029
1,0.74523,0.50146,0.13022,0.041895
0,0.012288,0.0042715,0.012596,0.0060482
0,0.0056989,0.37589,0.014279,0.0071278
0,0.0012121,0.00070786,0.010689,0.015227
0,0.016171,0.009771,0.015456,0.0054094
1,0.66395,0.84142,0.039071,0.49895
0,0.032651,0.040043,0.015473,0.011704
0,0.00014099,0.0020167,0.017365,0.0066831
0,0.0057495,0.27287,0.018117,0.0079377
0,0.0044227,0.005936,0.016788,0.047757
0,0.015275,0.021338,0.012127,0.0062114
0,0.015235,0.0099304,0.013495,0.0049
0,0.0050033,0.0016356,0.015353,0.004652
0,0.01371,0.016353,0.015928,0.018754
0,0.0067037,0.014986,0.017711,0.012538
0,0.0093424,0.042202,0.021306,0.0035448
0,0.18925,0.020399,0.014246,0.021249
0,0.0051453,0.013353,0.01546,0.05288
0,0.011865,0.0016338,0.017325,0.0036618
0,0.0093904,0.0014469,0.016287,0.016487
0,0.022952,0.010922,0.01667,0.0037634
0,0.0074929,0.019268,0.016598,0.015463
0,0.006028,0.0009158,0.015809,0.00299
0,0.002418,0.013779,0.017165,0.010661
0,0.0096107,0.040304,0.016361,0.013517
0,0.0054913,0.038057,0.013632,0.018366
0,0.019088,0.053145,0.014363,0.022206
0,0.0022605,0.0081105,0.016797,0.013228
1,0.48197,0.95685,0.048417,0.022656
0,0.0042591,0.0094369,0.015639,0.014982
0,0.0086596,0.5687,0.0066827,0.36774
0,0.0098127,0.0060255,0.015719,0.014769
0,0.011591,0.021601,0.027939,0.018381
0,0.0071084,0.003112,0.0282,0.014153
0,0.0060848,0.0041035,0.015919,0.01116
0,0.014948,0.00041767,0.013326,0.01127
0,0.0055051,0.049307,0.013287,0.0069943
0,0.011238,0.013439,0.014545,0.013494
0,0.10034,0.039451,0.028734,0.021376
0,0.01191,0.0021009,0.010728,0.0007725
0,0.014726,0.0059147,0.012711,0.024081
0,0.012253,0.0041749,0.01562,0.0107
0,0.0093475,0.0011307,0.017947,0.012576
0,0.012999,0.028072,0.01897,0.10144
0,0.015758,0.00054105,0.020963,0.017027
0,0.0032322,0.0089646,0.021704,0.019352
0,0.010601,0.014875,0.022461,0.013233
0,0.0099112,0.01079,0.011116,0.0058786
0,0.013809,0.0093447,0.015987,2.778e-06
0,0.016082,0.0036927,0.016093,0.012178
0,0.0053853,0.013294,0.016326,0.002973
0,0.010629,0.0047414,0.01526,0.013074
0,0.0076491,0.0071019,0.016113,0.010731
0,0.0051209,0.71383,0.014546,0.018687
0,0.013049,0.0047587,0.014817,0.013316
0,0.01371,0.006039,0.017763,0.015091
0,0.01371,0.005102,0.015765,0.010196
0,0.024233,0.058026,0.015377,0.0022867
0,0.0023088,0.0014351,0.016104,0.0060514
0,0.01371,0.0048056,0.015269,0.014124
0,0.013498,0.0039726,0.016726,0.014641
1,0.036367,0.86298,0.07791,0.88131
0,0.010667,0.015738,0.013655,0.020555
0,0.0067381,0.047264,0.016442,0.015761
0,0.0079137,0.00075484,0.016969,0.016619
0,0.02566,0.0022727,0.015083,0.013835
0,0.00067056,0.011692,0.015231,0.0086132
0,0.0051776,0.0096475,0.016464,0.016184
0,0.0089547,0.063771,0.0097917,0.0044405
0,0.0066613,0.013466,0.014722,0.010885
0,0.013938,0.0018456,0.017011,0.0072197
0,0.0030526,0.0055133,0.016335,0.0035524
0,0.0080477,0.040794,0.014505,0.01331
0,0.0013165,0.0013793,0.021207,0.018403
0,0.0072064,0.0027086,0.013515,0.011775
0,0.013305,0.014451,0.015068,0.017236
0,0.0056049,0.031462,0.012214,0.018487
0,0.0098584,0.019661,0.017358,0.042676
0,0.01371,0.13916,0.013,0.010284
0,0.0059035,0.014528,0.014009,0.012673
0,0.006844,0.032051,0.015764,0.014008
0,0.0088734,0.0032601,0.019717,0.00945
0,0.010352,0.22287,0.01963,0.0051302
0,0.0255,0.50747,0.014833,0.010828
0,0.011874,0.024556,0.017301,0.0303
0,0.012174,0.029936,0.015069,0.013041
0,0.010261,0.011111,0.016441,0.0058398
0,0.020047,0.040131,0.014054,0.0041726
0,0.0089601,0.0081527,0.013429,0.014017
0,0.0033528,0.010673,0.015795,0.0076925
0,0.0036014,0.0020363,0.015331,0.016054
0,0.0090137,0.0096425,0.016576,0.012789
0,0.0069369,0.004344,0.016159,0.0047471
0,0.011154,0.030786,0.0092536,0.010646
0,0.0089962,0.0014526,0.015096,0.010484
0,0.011728,0.0031659,0.016854,0.010021
0,0.010043,0.028362,0.014765,0.006457
0,0.03185,0.030942,0.019164,0.0074458
0,0.0088832,0.0086433,0.011069,0.010495
0,0.0092199,0.012499,0.013332,0.018879
0,0.023587,0.0089518,0.012695,0.016776
0,0.011251,0.0076423,0.016521,0.042029
0,0.0066223,0.00059808,0.013831,0.021612
0,0.010117,0.026277,0.015747,6.1416e-05
0,0.013573,0.01203,0.012382,0.0040561
0,0.0097733,0.0051726,0.014278,0.01365
0,0.010724,0.00362,0.019016,0.0060563
0,0.01371,0.0010966,0.016905,0.025635
1,0.06039,0.29672,0.050512,0.40332
0,0.012272,0.0040996,0.010721,0.016846
0,0.0071627,0.00061093,0.016236,0.01305
0,0.013387,0.00055488,0.016,0.021013
0,0.013763,0.010693,0.012404,0.0086366
0,0.01347,0.0093411,0.013677,0.014951
0,0.029371,0.024794,0.016134,0.0092
0,0.008657,0.031516,0.013219,0.043297
0,0.02096,0.024009,0.022926,0.014168
0,0.011528,0.020473,0.015312,0.023305
0,0.011755,0.02413,0.016545,0.013781
0,0.036107,0.0093769,0.0031371,0.0082808
0,0.010633,0.0062281,0.060675,0.0029776
0,0.012715,0.65661,0.015992,0.011125
0,0.013679,0.0021195,0.011706,0.010331
0,0.0038446,0.0066333,0.015704,0.008301
0,0.0046979,0.0028045,0.0493,0.016954
0,0.0071654,0.12321,0.016121,0.0090006
1,0.058403,0.97089,0.038481,0.21174
0,0.012873,0.04855,0.016916,0.0024867
0,0.013592,0.00070462,0.016846,0.011602
0,0.0092381,0.0034338,0.014836,0.019568
1,0.040565,0.28468,0.055879,0.021474
0,0.0084644,0.00058682,0.013081,0.010005
0,0.0085941,0.015485,0.015248,0.048862
0,0.010251,0.0013848,0.016404,0.019935
0,0.016395,0.0026995,0.011594,0.016098
0,0.0084367,0.0041708,0.016059,0.008524
0,0.012814,0.010421,0.014437,0.0049613
0,0.0081961,0.0077813,0.015389,0.017468
0,0.0039539,0.0037592,0.0095701,0.007792
0,0.011839,0.0085242,0.047774,0.016871
0,0.014997,0.015552,0.016609,0.0048234
0,0.012366,0.042494,0.016059,0.014437
0,0.0072465,0.0017906,0.020144,0.0089545
0,0.0076548,0.037448,0.014911,0.014659
0,0.017892,0.0062238,0.012116,0.0036761
0,0.008771,0.021248,0.018244,0.025597
0,0.0073217,0.001858,0.016243,0.021018
0,0.0091065,0.021512,0.01404,0.0054384
0,0.014634,0.0056365,0.019729,0.02677
0,0.020451,0.052075,0.015054,0.0035622
0,0.013423,0.013082,0.0086923,0.014745
0,0.00019066,0.021664,0.016772,0.012703
0,0.010044,0.0044141,0.015404,0.0092283
0,0.011961,0.013148,0.014851,0.014184
0,0.0075559,0.0054245,0.01779,0.0073052
0,0.0052178,0.0043537,0.014278,0.0003804
0,0.013541,0.019778,0.016991,0.016793
0,0.059076,0.0029649,0.014889,0.0044124
0,0.021037,0.0063168,0.014999,0.017616
0,0.014164,0.0006266,0.014177,0.018168
0,0.0051667,0.019179,0.01416,0.0038811
0,0.001912,0.00097248,0.017895,0.0090876
0,0.01129,0.0025098,0.015172,0.0097407
0,0.01371,0.015433,0.017001,0.0067965
0,0.00398,0.0025579,0.015764,0.004613
0,0.0082975,0.0022604,0.010786,0.046151
0,0.0049978,0.0042643,0.016261,0.041603
0,0.01008,0.048577,0.01509,0.0094131
0,0.015152,0.015778,0.014916,0.01281
0,0.010854,0.022293,0.014032,0.0015015
0,0.0086991,0.037953,0.02594,0.010559
0,0.0073104,0.0026601,0.013304,0.017236
0,0.01371,0.0099953,0.015554,0.016928
0,0.011324,0.068514,0.014364,0.01412
0,0.010925,0.073892,0.015344,0.12468
0,0.0074288,0.033141,0.014978,0.01166
0,0.0050419,0.01334,0.015868,0.013662
0,0.010608,0.032132,0.015134,0.0044134
0,0.007146,0.013347,0.024446,0.013535
0,0.010095,0.0056037,0.014851,0.0084332
0,0.0028939,0.0020435,0.016711,0.011964
0,0.0076939,0.051907,0.012214,0.017228
0,0.01558,0.0030522,0.016481,0.015449
0,0.018178,0.0020109,0.090299,0.011689
0,0.0093601,0.016536,0.036318,0.00099598
0,0.018504,0.0021316,0.014804,0.01333
0,0.0014565,0.033743,0.017096,0.013614
0,0.013678,0.0007617,0.015064,0.017008
0,0.01371,0.0019457,0.012885,0.011954
0,0.00078312,0.0014498,0.013373,0.0053089
0,0.0093437,0.0011118,0.015336,0.03974
0,0.0077349,0.023973,0.015177,0.012095
0,0.017584,0.1097,0.015552,0.0079615
0,0.0066657,0.0021436,0.014769,0.008786
0,0.010816,0.028432,0.026524,0.034359
0,0.0086976,0.012956,0.01547,0.01463
0,0.011556,0.002845,0.015065,0.017806
0,0.013448,0.0093835,0.015077,0.018975
0,0.010008,0.0010525,0.0154,0.016481
0,0.010181,0.0074342,0.011815,0.010032
0,0.0074809,0.0037821,0.015244,0.015862
0,0.0091187,0.025118,0.016641,0.018293
0,0.01717,0.019255,0.014413,0.00072714
0,0.0094581,0.0011075,0.010926,0.011884
0,0.0061637,0.045333,0.017426,0.01732
0,0.014874,0.021497,0.018015,0.018158
0,0.01371,0.01814,0.027243,0.0039591
0,0.0049352,0.012895,0.015105,0.0046025
0,0.0026976,0.0024945,0.015858,0.013713
0,0.015275,0.019557,0.015964,0.01923
0,0.029848,0.0073322,0.014851,0.022436
0,0.010683,0.0027644,0.013315,0.012022
0,0.0077545,0.11878,0.018849,0.017236
1,0.70401,0.80403,0.38145,0.06369
1,0.93774,0.067594,0.08072,0.24437
0,0.012334,0.027237,0.012288,0.015859
0,0.01371,0.0015413,0.013195,0.0076093
0,0.0051495,0.012002,0.02031,0.012939
0,0.0031471,0.0046927,0.015811,0.010151
0,0.0018983,0.018196,0.017037,0.0052229
0,0.015116,0.0057967,0.024688,0.014141
0,0.0040315,0.0019371,0.01816,0.009491
0,0.0087442,0.034163,0.014009,0.0036984
0,0.011942,0.0013755,0.014641,0.02385
0,0.027861,0.0020404,0.0017649,0.010181
0,0.014753,0.0046778,0.016283,0.016388
0,0.0034282,0.0021244,0.012317,0.020415
0,0.0064093,0.003697,0.017681,0.014108
0,0.01371,0.023132,0.016228,0.0035249
0,0.0056387,0.06998,0.028928,0.016787
0,0.0074879,0.0047014,0.016424,0.016101
0,0.040316,0.00054004,0.010755,0.0091702
0,0.0040779,0.026703,0.016845,0.01588
0,0.020905,0.040782,0.019794,0.0094293
0,0.010247,0.01735,0.015713,0.014178
0,0.0019239,0.002662,0.012237,0.0064518
0,0.013402,0.0058356,0.01638,0.011188
0,0.013617,0.020454,0.016164,0.011722
0,0.004062,0.0045595,0.027023,0.013539
0,0.001764,0.021399,0.017606,0.017605
0,6.1767e-05,0.0016111,0.015973,0.015115
0,0.013996,0.0014331,0.027434,0.015947
0,0.015025,0.021977,0.014417,0.011383
0,0.0084348,0.0023264,0.015337,0.014731
1,0.01371,0.99816,0.10762,0.39225
0,0.014114,0.020484,0.02702,0.012096
0,0.0096775,0.00067356,0.013713,0.014937
1,0.55171,0.016379,0.28102,0.1455
0,0.011275,0.067506,0.01287,0.010665
0,0.045896,0.011565,0.017615,0.013331
0,0.0090554,0.0030215,0.012652,0.0060475
0,0.01406,0.002931,0.016072,0.012006
0,0.0059735,0.0061901,0.013895,0.0087767
0,0.00022405,0.025184,0.01219,0.012778
0,0.016452,0.00062711,0.011954,0.017993
0,0.0093185,0.0059411,0.015743,0.015466
0,0.0075205,0.00073494,0.01429,0.015874
1,0.31009,0.49115,0.28548,0.20445
0,0.018383,0.12189,0.015423,0.0073835
0,0.0069285,0.03819,0.016731,0.0084861
0,0.010724,0.0022246,0.032464,0.023979
0,0.014843,0.027691,0.013377,0.0067405
0,0.0097449,0.01051,0.015584,0.014132
0,0.0012123,0.001598,0.016924,0.041226
0,0.014665,0.0046371,0.013376,0.011699
0,0.01144,0.0099833,0.014465,0.0068547
0,0.0097006,0.0080672,0.025741,0.0082681
0,0.0070297,0.0037832,0.012051,0.0093382
0,0.0089621,0.0017191,0.01287,0.0066934
0,0.0048846,0.0023064,0.015814,0.0072942
0,0.01041,0.0012318,0.016585,0.011586
0,0.01855,0.071198,0.014778,0.00064883
0,0.016945,0.0064152,0.014754,0.0080337
0,0.0113,0.015276,0.0087456,0.015567
0,0.00095851,0.0053625,0.013863,0.010494
0,0.0074324,0.01061,0.016252,0.008127
0,0.0050444,0.012695,0.018505,0.013707
0,0.017878,0.012793,0.014902,0.015142
0,0.035967,0.010231,0.010999,0.014568
0,0.009803,0.0028686,0.014661,0.0028853
0,0.0083757,0.043557,0.014972,0.025181
0,0.01042,0.022656,0.017042,0.01104
0,0.01885,0.00020573,0.013982,0.013792
0,0.0068761,0.024505,0.015986,0.34479
0,0.0053174,0.0019496,0.012367,0.0078225
0,0.005768,0.0015175,0.018083,0.026574
0,0.0064612,0.0065143,0.016305,0.064157
0,0.001427,0.0082288,0.013648,0.012887
0,0.011481,0.0029483,0.012331,0.017858
0,0.017113,0.0096779,0.019442,0.018526
1,0.029684,0.9592,0.046818,0.42516
0,0.019949,0.084677,0.013521,0.015671
0,0.007763,0.025337,0.016103,0.01415
0,0.00073179,0.00092675,0.014065,0.031194
0,0.0046725,0.0032071,0.016658,0.011226
0,0.0094085,0.002211,0.014407,0.004156
0,0.010651,0.0075727,0.012981,0.017236
0,0.0046876,0.082065,0.023487,0.017236
0,0.012928,0.0024801,0.018151,0.029876
0,0.0045625,0.0021695,0.012211,0.0074893
0,0.01371,0.014998,0.014648,0.015834
0,0.0083982,0.0011887,0.017113,0.0085695
0,0.0015988,0.01471,0.014101,0.0060797
0,0.01137,0.0011891,0.018816,0.016244
0,0.010684,0.0030689,0.014066,0.012267
0,0.015213,0.003515,0.016292,0.0092671
0,0.01175,0.0015209,0.011968,0.017485
0,0.016901,0.054975,0.014445,0.008587
0,0.023976,0.028706,0.014962,0.012587
0,0.00026528,0.012323,0.016883,0.010381
0,0.01371,0.0013201,0.013033,0.0093965
0,0.011616,0.0093279,0.019099,0.011414
0,0.0042439,0.0035002,0.016054,0.015236
0,0.016043,0.0061904,0.013441,0.00191
0,0.020379,0.0022519,0.015496,0.027593
0,0.0077962,0.00095894,0.01811,0.017236
0,0.013085,0.022366,0.013298,0.019503
0,0.0302,0.008823,0.017529,0.013178
0,0.0063532,0.0041483,0.017447,0.013059
0,0.019655,0.022676,0.015821,0.017006
0,0.011983,0.0031295,0.018859,0.018584
0,0.0075248,0.016208,0.016389,0.0035447
0,0.014855,0.016983,0.024351,0.0045728
0,0.0035942,0.041767,0.013741,0.011482
0,0.013013,0.0035781,0.010825,0.027648
0,0.0046245,0.00071902,0.019837,0.013206
0,0.0018056,0.00064555,0.019183,0.011541
0,0.01115,0.10108,0.017515,0.013091
0,0.011764,0.0076155,0.016709,0.013752
0,0.0072569,0.019647,0.02119,0.010525
0,0.01371,0.00034082,0.017603,0.013899
0,0.0080961,0.080194,0.0011509,0.0097456
0,0.0035215,0.054232,0.014801,0.0098135
0,0.00794,0.00091193,0.016922,0.018075
0,0.022692,0.0027606,0.012709,0.016328
0,0.019047,0.0075577,0.015326,0.014835
0,0.013443,0.011926,0.01161,0.021649
0,0.0097001,0.0028105,0.013986,0.0062841
0,0.0039761,0.0019693,0.012858,0.016553
0,5.2299e-05,0.0013618,0.01594,0.011158
0,0.0031391,0.0030123,0.014329,0.04656
0,0.0099501,0.0047464,0.010666,0.020994
0,0.0015972,0.0017918,0.012235,0.021111
0,0.0050509,0.014723,0.013333,0.011548
0,0.00865,0.0035229,0.010883,2.778e-06
0,0.03324,0.019329,0.011608,0.0075609
0,0.0048002,0.029541,0.0020138,0.03782
0,0.0023141,0.013635,0.016455,0.013557
0,0.013567,0.013761,0.016594,0.0068338
0,0.0091454,0.010229,0.014805,0.015152
0,0.01371,0.00074566,0.017961,0.012904
0,0.018075,0.020178,0.016317,0.014053
0,0.015293,0.010536,0.024505,0.031202
0,0.013891,0.0086087,0.014334,0.0064342
0,0.0075328,0.0014754,0.052164,0.018809
0,4.1586e-05,0.031457,0.013179,0.016127
0,0.0089443,0.012069,0.018933,0.0029864
0,0.002559,0.006364,0.0016185,0.0091057
0,0.013742,0.007588,0.0085855,0.025577
0,0.01371,0.24765,0.014467,0.014918
0,0.001319,0.00023585,0.013111,0.015971
0,0.0073874,0.012555,0.016128,0.007888
0,0.0059053,0.003801,0.0073259,0.013613
0,0.0047322,0.0036231,0.00107,0.010562
0,0.065951,0.0044169,0.016108,0.014564
0,0.0075695,0.012927,0.013779,0.0076611
0,0.01371,0.12385,0.021049,0.03352
0,0.026007,0.076595,0.016373,0.023482
0,0.01371,0.0032014,0.018621,0.011648
0,0.0058472,0.023707,0.022096,0.013878
0,0.031282,0.014737,0.011565,0.014729
0,0.0087501,0.026877,0.059012,0.014351
0,0.0089096,0.0049347,0.016013,0.030285
0,0.01371,0.00092164,0.014488,0.015807
0,0.01688,0.0012124,0.018779,0.0036372
0,0.0065784,0.075742,0.016527,0.014103
0,0.010416,0.00058131,0.016908,0.010905
0,0.0077583,0.0032448,0.015309,0.024114
0,0.0049903,0.0046414,0.016226,0.010984
0,0.01917,0.0021108,0.014558,0.016958
0,0.010408,0.0033961,0.015219,0.0078531
0,0.0074362,0.060149,0.015858,0.012224
0,0.0094359,0.016016,0.016519,0.011062
0,0.015868,0.0099011,0.016709,0.0085608
0,0.0030639,0.02969,0.012377,0.0090939
0,0.022638,0.0023893,0.017363,0.010074
0,0.0039482,0.00062309,0.016056,0.0060435
0,0.0088309,0.0073564,0.016241,0.015779
0,0.0086167,0.021645,0.013583,0.0078529
0,0.0018467,0.00098052,0.018826,0.015988
0,0.0058597,0.003333,0.013786,0.016104
0,0.0048027,0.00057183,0.003991,0.012025
0,0.0073253,0.014787,0.046002,0.012587
0,0.0068031,0.013708,0.015742,0.013055
0,0.015137,0.0020474,0.015371,0.010768
0,0.0077966,0.00047785,0.021583,0.012716
0,0.005389,0.0049572,0.015862,0.017335
0,0.0045035,0.010405,0.014307,0.0099879
0,0.0014646,0.00061471,0.020607,0.010495
0,0.0012723,0.077093,0.012757,0.010079
0,0.012957,0.0087902,0.01443,0.01512
0,0.0096088,0.023071,0.015964,0.0092568
0,0.0088515,0.0057374,0.016551,0.018312
0,0.004566,0.046658,0.01668,0.0089343
0,0.0042667,0.00055193,0.017315,0.0073014
0,0.0067627,0.012649,0.014544,0.015618
0,0.01596,0.010678,0.018165,0.014657
0,0.0062141,0.0009128,0.014333,0.018982
0,0.012763,0.022319,0.014036,0.01953
1,0.0346,0.82714,0.02289,0.37891
0,0.0051913,0.0028267,0.012017,0.01107
1,0.64749,0.068415,0.085443,0.0027855
0,0.0074916,0.00086354,0.021687,0.014151
0,0.0081088,0.002286,0.015095,0.0074391
0,0.0058184,0.031748,0.011749,0.01219
0,0.011559,0.082403,0.069292,0.0086592
0,0.0030883,0.0012322,0.01671,0.0091102
0,0.01351,0.0077691,0.014682,0.01092
0,0.022577,0.0097871,0.024659,0.015327
0,0.00080783,0.00051445,0.017021,0.014527
0,0.0084363,0.0083916,0.015466,0.008747
0,0.01377,0.049275,0.011213,0.020507
1,0.065265,0.06331,0.41057,0.092738
0,0.005359,0.010982,0.017389,0.0060324
0,0.0034268,0.020538,0.016337,0.0062544
0,0.012437,0.1204,0.00080206,0.016295
0,0.028711,0.00055977,0.016179,0.0126
0,0.01371,0.0013344,0.014878,0.0086989
0,0.0087394,0.073705,0.01428,0.010617
0,0.012539,0.0016773,0.014006,0.013883
0,0.014606,0.0019692,0.015589,0.0075147
0,0.0066296,0.0060246,0.037889,0.0039564
0,0.012641,0.01329,0.015202,0.021278
0,0.061306,0.0020198,0.014637,0.012598
0,0.0081702,0.0056283,0.012512,0.0084602
0,0.0025498,0.00016974,0.015793,0.016612
0,0.0027734,0.002131,0.017049,0.0060602
0,0.0085822,0.0017968,0.013058,0.013197
0,0.0099495,0.0024053,0.014818,0.011339
0,0.010403,0.015195,0.013485,0.020521
0,0.028925,0.014088,0.01696,0.0071741
0,0.011095,0.0052672,0.01518,0.00331
1,0.013603,0.019012,0.1054,0.19378
0,0.010957,0.0029445,0.017547,0.018947
0,0.0068124,0.14632,0.014984,0.016458
0,0.0085942,0.033323,0.015094,0.011534
0,0.0027075,0.00056697,0.015738,0.0034107
0,0.0054028,0.00073259,0.021105,0.0065784
0,0.01157,0.0018765,0.016251,0.0032616
0,0.010171,0.00011291,0.015178,0.0097004
0,0.016781,0.0042542,0.014143,0.0069334
0,0.0027412,0.0020525,0.015417,0.0095063
0,0.009911,0.0012394,0.017241,0.0043197
0,0.01371,0.00062647,0.004513,0.010818
0,0.011257,0.018962,0.011451,0.0057101
0,0.0056069,0.019412,0.013541,0.021691
1,0.59233,0.77477,0.039727,0.12767
0,0.02635,0.0067033,0.022589,0.016938
0,0.076353,0.0046707,0.01307,0.00020212
0,0.0090849,0.017231,0.014909,0.012289
0,0.0075773,0.0010917,0.015552,0.013062
0,0.0047447,0.019213,0.012998,0.019153
0,0.038393,0.062318,0.016147,0.010298
0,0.0068913,0.0018435,0.016982,0.021638
0,0.010766,0.13441,0.014894,0.010279
0,0.007207,0.02867,0.015352,0.012358
0,0.012662,0.05433,0.016258,0.015606
0,0.098068,0.006208,0.01588,0.034014
0,0.0080756,0.015689,0.017217,0.038553
0,0.052181,0.0016648,0.015697,0.018682
0,0.013416,0.12453,0.013339,0.018655
0,0.049901,0.00012022,0.015913,0.012551
0,0.01371,0.0012559,0.022308,0.013114
0,0.0071047,0.022811,0.016374,0.014768
0,0.0041378,0.0033729,0.01705,0.011665
0,0.0092657,0.011649,0.017557,0.0050728
0,0.0086793,0.0019621,0.015368,0.0040322
0,0.0061082,0.02795,0.016171,0.0070082
0,0.010324,0.0053034,0.012705,0.0063913
0,0.020228,0.094438,0.013751,0.010485
0,0.038731,0.012815,0.016989,0.0098317
0,0.010222,0.01153,0.015609,0.018909
0,0.012463,0.005138,0.012323,0.017236
0,0.0133,0.008783,0.011473,0.0069314
0,0.0054981,0.0015935,0.016559,0.011256
0,0.016253,0.0012806,0.016038,0.012349
0,0.01539,0.00041366,0.017182,0.015421
0,0.0018298,0.0039016,0.016466,0.017236
0,0.015564,0.0065481,0.0085099,0.019412
0,0.008815,0.0010855,0.014719,0.017029
0,0.015737,0.0067312,0.016257,0.010397
0,0.01371,0.0083475,0.0094312,0.00069686
0,0.0022132,0.0065967,0.012469,0.010164
0,0.0075873,0.027651,0.014521,0.015063
0,0.013049,0.0082663,0.015856,0.011181
0,0.010837,0.0011072,0.0092771,0.0086219
0,0.013602,0.051801,0.015322,0.01057
0,0.020522,0.0036165,0.015468,0.0088027
0,0.019352,0.080895,0.01591,0.0116
0,0.0047391,0.003908,0.014729,0.021593
0,0.0042685,0.089452,0.019332,0.0085995
0,0.00876,0.0014335,0.019647,0.055397
0,0.0069829,0.024711,0.030322,0.016531
0,0.011449,0.075912,0.016235,0.015665
0,0.0022079,0.00065959,0.01508,0.0090397
0,0.010919,0.0035057,0.018663,0.015717
0,0.010001,0.0077263,0.016598,0.01761
0,0.022678,0.059171,0.013364,0.019231
0,0.0063655,0.010534,0.013764,0.0087133
0,0.16542,0.00086169,0.015464,0.011306
0,0.014074,0.023788,0.016766,0.01065
0,0.0031953,0.0012179,0.02014,0.0049039
0,0.0034105,0.0010652,0.015666,0.0039199
0,0.0084778,0.002167,0.016466,0.012178
0,0.0024516,0.0055711,0.016686,0.02785
1,0.089047,0.12896,0.075348,0.039069
0,0.0025663,0.00057502,0.014998,0.012907
0,0.017531,0.016044,0.014607,0.011698
0,0.0082945,0.0022059,0.017673,0.082181
0,0.035318,0.0038526,0.013924,0.011048
0,0.0070746,0.019792,0.017995,0.012228
0,0.018106,0.03223,0.015703,0.013763
0,0.022482,0.0084517,0.013246,0.0088232
0,0.01499,0.0011122,0.015685,0.0072201
0,0.011699,0.024362,0.015688,0.0071102
0,0.0052923,0.0037371,0.017032,0.0043691
0,0.0076883,0.0088935,0.019546,0.016696
0,0.0081943,0.0046554,0.016327,0.010522
1,0.059837,0.15407,0.01829,0.020366
0,0.0060009,0.0012441,0.013822,0.0019212
0,0.0096313,0.019809,0.022874,0.0075582
0,0.014221,0.0069486,0.017223,0.010587
0,0.00080236,0.0055296,0.015511,0.0056621
0,0.020713,0.01283,0.015054,0.012455
0,0.016407,0.0058772,0.020413,0.0090518
0,0.0024953,0.0030123,0.012466,0.017236
0,0.014108,0.013874,0.01572,0.019144
0,0.0090713,0.0064967,0.017156,0.017576
0,0.014845,0.0018583,0.014238,0.013319
0,0.0062415,0.0064144,0.010789,0.011491
0,0.01371,0.0016135,0.015537,0.016781
0,0.0096349,0.043067,0.015866,0.0075954
0,0.014571,0.00214,0.017693,0.0163
0,0.016679,0.035458,0.030158,0.024346
0,0.013513,0.0030592,0.011635,0.0058446
0,0.0077883,0.057256,0.015529,0.0097734
0,0.0029887,0.0048696,0.015402,0.017203
0,0.0014389,0.0067532,0.015507,0.015196
0,0.011105,0.073742,0.01819,0.017102
0,0.019545,0.010629,0.013649,0.011754
0,0.043651,0.039245,0.01269,0.031732
1,0.018081,0.080041,0.04502,0.030861
0,0.013704,0.01586,0.015813,0.013778
0,0.0045633,0.0022194,0.016605,0.012413
0,0.0028442,0.0007146,0.015596,0.013009
0,0.0065599,0.0010869,0.022129,0.038104
0,0.0028829,0.0018422,0.029481,0.018261
0,0.044583,0.001723,0.023509,0.011461
0,0.021991,0.0051599,0.01482,0.012681
0,0.0084858,0.0021111,0.015841,0.017658
0,0.010411,0.0074737,0.014338,0.0047279
0,0.0069675,0.0046518,0.013341,0.012333
0,0.0061071,0.0019245,0.016667,0.01546
0,0.0042316,0.0033603,0.014494,0.01963
0,0.028324,0.056992,0.014048,0.0038447
0,0.0066576,0.027005,0.018605,0.0062342
0,0.0098354,0.011135,0.015747,0.0023324
0,0.036654,0.0018707,0.013786,0.014325
0,0.011979,0.0010304,0.014569,0.014499
0,0.012338,0.028914,0.017043,0.029511
0,0.0088425,0.022064,0.013038,0.0084559
0,0.024636,0.012881,0.01508,0.010747
0,0.013348,0.0045945,0.015819,0.0016856
0,0.0085509,0.0039009,0.015342,0.052177
0,0.04137,0.035693,0.018503,0.015972
0,0.0077319,0.040668,0.016661,0.017236
0,0.015172,0.027326,0.014332,0.020295
0,0.01389,0.053486,0.016666,0.0079253
0,0.0022339,0.00033397,0.015595,0.014604
0,0.011195,0.00155,0.016285,0.0074848
0,0.0067087,0.021271,0.015857,0.0055669
0,0.01371,0.0022116,0.015401,0.0054627
0,0.010172,0.018591,0.014911,0.013178
0,0.01371,0.0030088,0.016185,0.044414
0,0.0060825,0.0062396,0.027333,0.0029006
0,0.0058976,0.0024568,0.021079,0.011105
0,0.02075,0.0097822,0.016028,0.0054253
0,0.011046,0.0014836,0.014904,0.0093509
0,0.011392,0.0022385,0.016461,0.028373
0,0.031839,0.0087896,0.012612,0.0095931
0,0.0013844,0.80502,0.014229,0.012398
0,0.0058104,0.00058458,0.014587,0.012413
0,0.017368,0.18867,0.011795,0.01147
0,0.0082632,0.021902,0.0083616,0.012538
0,0.0082956,0.0052747,0.015738,0.0066489
0,0.01371,0.03003,0.010961,0.0031094
0,0.0069954,0.0029827,0.016082,0.0052568
0,0.01371,0.010536,0.014872,0.017724
0,0.012281,0.038538,0.024217,0.0092052
0,0.0094967,0.067635,0.013784,0.010196
0,0.012189,0.073624,0.015322,0.014013
0,0.014655,0.0018164,0.019165,0.0090063
0,0.019985,0.0047483,0.017006,0.013078
0,0.010784,0.065397,0.017379,0.019653
0,0.0094315,0.0087559,0.010981,0.0030219
0,0.017319,0.0030933,0.015626,0.0092417
0,0.011044,0.071057,0.014567,0.01624
0,0.0093884,0.019944,0.040841,0.018563
0,0.011452,0.0010123,0.012485,0.037697
0,0.0053485,0.0036114,0.023133,0.01607
0,0.0090542,0.0088298,0.015892,0.026174
0,0.0054749,0.02473,0.016475,0.0040404
0,0.01144,0.05933,0.015946,0.014623
0,0.014923,0.0026395,0.01421,0.016376
0,0.00594,0.00088575,0.016047,0.014846
0,0.004141,0.0022995,0.014759,0.0045325
0,0.015348,0.026803,0.017591,0.016593
0,0.010139,0.0034408,0.016263,0.014861
0,0.0073539,0.0096713,0.0094699,0.017364
0,0.013179,0.006482,0.016689,0.013755
0,0.0066988,0.01163,0.016402,0.014873
0,0.0017089,0.00053834,0.016906,0.012713
0,0.0078427,0.088374,0.014401,0.014177
0,0.0087067,0.0006073,0.015756,0.0021288
0,0.0097594,0.013525,0.015377,0.013876
0,0.0088054,0.018954,0.01479,0.015534
0,0.01371,0.0028192,0.012657,0.010322
0,0.0053488,0.0023586,0.01653,0.014958
0,0.44275,0.094363,0.013959,0.011378
0,0.011962,0.012066,0.012246,0.01719
0,0.0082605,0.073564,0.016862,0.0034432
0,0.018721,0.010749,0.016907,0.012112
0,0.0079247,0.0021844,0.015797,0.019561
0,0.0087439,0.0043458,0.016841,0.015294
0,0.0015237,0.0070062,0.0089804,0.011819
0,0.01556,0.025686,0.016147,0.020283
0,0.011997,0.0036248,0.01419,0.021355
0,0.008646,0.002002,0.016394,0.15282
0,0.0069643,0.0027773,0.017079,0.040366
0,0.01371,0.0057856,0.015683,0.017784
0,0.011197,0.0089373,0.015573,0.0064323
0,0.0091855,0.0061388,0.0086668,0.012087
0,0.066602,0.022169,0.015052,0.014451
0,0.017408,0.0029745,0.015582,0.011678
0,0.0055777,0.013027,0.0099237,0.0092129
0,0.0064572,0.00053129,0.017816,0.0093233
0,0.0025719,0.0073052,0.017466,0.014242
0,0.014641,0.011919,0.015046,0.02474
0,0.015275,0.014467,0.013767,0.014394
0,0.008421,0.0015062,0.019706,0.0010162
0,0.010745,0.020034,0.013809,0.0063541
0,0.0090215,0.0017629,0.0099857,0.0067237
0,0.0039223,0.00063983,0.018665,0.0071647
0,0.0053977,0.0075561,0.014948,0.0029187
0,0.0015698,0.0019691,0.027612,0.012683
0,0.0064934,0.031152,0.017326,0.00728
0,0.0046012,0.0029547,0.015581,0.0064132
0,0.01455,0.0018019,0.015152,0.015489
0,0.010709,0.0017143,0.016933,0.0096134
0,0.015836,0.0058763,0.016995,0.020991
0,0.012836,0.0062794,0.016538,0.010778
0,0.012275,0.02212,0.014009,0.024839
0,0.0067675,0.0079549,0.015077,0.017236
0,0.0043529,0.002416,0.018897,0.010684
0,0.011095,0.063935,0.014365,0.01461
0,0.013304,0.042212,0.011739,0.033636
0,0.0062095,0.067872,0.014177,0.079758
0,0.0070839,0.0086023,0.017815,0.008779
0,0.0062731,0.0021098,0.017938,0.011595
0,0.006632,0.021103,0.016347,0.017236
0,0.010916,0.0097191,0.01388,0.020258
0,0.0081292,0.029118,0.016888,0.016452
0,0.00019568,0.0028824,0.016602,0.0087565
0,0.0053779,0.0020841,0.017418,0.016632
0,0.0097503,0.0032554,0.015156,0.0064767
0,0.0091144,0.0081514,0.037195,0.023875
0,0.0080539,0.0053729,0.012036,0.017577
0,0.011336,0.013151,0.014916,0.016781
0,0.011182,0.0023886,0.012456,0.012673
0,0.029427,0.0082278,0.015326,0.04267
1,0.10646,0.39042,0.055935,0.53591
0,0.01371,0.0031084,0.015641,0.010832
0,0.034015,0.0092495,0.016713,0.0050171
0,0.010304,0.014665,0.013955,0.0077358
0,0.0080221,0.00046475,0.016391,0.011083
0,0.0017409,0.0083745,0.0094294,0.01448
0,0.006626,0.0022972,0.015316,0.015741
0,0.016929,0.013492,0.013336,0.011198
0,0.0054294,0.0022969,0.028745,0.0090819
0,0.015281,0.027867,0.016511,0.022899
1,0.067941,0.11255,0.086113,0.31256
0,0.0070355,0.0087984,0.015861,0.010931
0,0.0059304,0.0011419,0.015585,0.015779
0,0.020059,0.00095123,0.019804,0.01524
0,0.015017,0.003541,0.016399,0.0020319
0,0.0038634,0.0046336,0.0061669,0.004749
0,0.0065638,0.0037278,0.014542,0.014817
0,0.0016357,0.011946,0.012791,0.018825
0,0.01194,0.018424,0.014152,0.0096875
0,0.0090607,0.0073075,0.016726,0.010754
0,0.0098822,0.01029,0.035697,0.021219
0,0.01287,0.0018214,0.070454,0.0052694
0,0.0099613,0.017134,0.013114,0.010249
0,0.015571,0.24092,0.0079187,0.0012181
0,0.12034,0.0027876,0.014783,0.005835
0,0.0088229,0.0020959,0.015344,0.016253
0,0.014735,0.0028869,0.016771,0.068927
0,0.0066815,0.010383,0.015835,0.0039875
0,0.0060613,0.00047225,0.013724,0.0055775
0,0.0061872,0.0034092,0.01875,0.011916
0,0.010225,0.0040734,0.012676,0.01319
0,0.013096,0.0080569,0.0068916,0.013961
0,0.0037884,0.0028972,0.016634,0.016637
0,0.010979,0.001525,0.015758,0.014474
0,0.0018078,0.0095903,0.016013,0.017078
0,0.0051701,0.053498,0.012543,0.027432
0,0.010196,0.016358,0.015847,0.010056
0,0.0078353,0.0036055,0.02059,0.0066887
0,0.0081178,0.0015442,0.016078,0.011254
0,0.021577,0.009441,0.015624,0.0077843
0,0.01294,0.0056881,0.017718,0.013889
0,0.0098415,0.0014227,0.0017282,0.0081445
0,0.012016,0.0041144,0.012828,0.012719
0,0.012704,0.0046466,0.015482,0.0071575
0,0.011548,0.12774,0.017415,0.021962
0,0.0049968,0.0032,0.015488,0.012082
0,0.0078745,0.032873,0.016796,0.0078552
0,0.01371,0.0092688,0.015569,0.0086323
0,0.0017555,0.0023337,0.015317,0.049021
0,0.020494,0.010188,0.01682,0.011131
0,0.0039474,0.00016843,0.017991,0.0064076
0,0.02648,0.098319,0.01489,0.0095706
0,0.0053572,0.0069698,0.015776,0.028219
0,0.01588,0.0060574,0.014206,0.012896
1,0.29056,0.62488,0.25701,0.017236
0,0.011285,0.0024656,0.021533,0.0051001
0,0.052753,0.0099342,0.01735,0.013211
0,0.0079618,0.0010334,0.015349,0.014002
0,0.0079491,0.043881,0.015044,0.0082162
0,0.0029702,0.04109,0.014682,0.0064222
0,0.0021625,0.0047263,0.016372,0.018111
0,0.01093,0.0049368,0.015503,0.015129
0,0.012499,0.066104,0.015422,0.0054757
0,0.01371,0.055582,0.015958,0.05726
0,0.019913,0.0045706,0.013843,0.012357
0,0.013383,0.0086004,0.016812,0.017281
0,0.0084404,0.0018635,0.028662,0.015094
0,0.0036069,0.0091137,0.014267,0.0082658
0,0.0040611,0.00033004,0.014681,0.0076431
0,0.012451,0.014243,0.015143,0.0054939
0,0.0098629,0.02129,0.013231,0.017673
0,0.01371,0.059836,0.012809,0.0079112
0,0.015251,0.00061933,0.015025,0.0060793
0,0.01524,0.0013761,0.014201,0.015353
0,0.011311,0.0078903,0.015869,0.0065332
0,0.0041901,0.004981,0.012085,0.024214
0,0.0026269,0.024082,0.01695,0.026871
0,0.01371,0.0010218,0.013562,0.0074363
0,0.047633,0.015844,0.014099,0.0035718
0,0.0062786,0.0025891,0.01695,0.010151
0,0.015773,0.0074766,0.011753,0.019955
0,0.022798,0.016373,0.022448,0.014505
0,0.013565,0.0004466,0.016348,0.025556
0,0.0078047,0.00035609,0.014363,0.010808
0,0.00092262,0.00077858,0.034599,0.016355
0,0.01692,0.0027045,0.016677,0.017629
0,0.014721,0.0023767,0.005823,0.019146
0,0.0055582,0.02507,0.015123,0.0095707
0,0.0020306,0.00078718,0.010189,0.013555
0,0.011982,0.001726,0.0053526,0.010681
0,0.005181,0.00068311,0.018388,0.0053789
0,0.011067,0.0044594,0.018642,0.0060511
0,0.0038504,0.0011559,0.015443,0.01587
0,0.019098,0.0080927,0.014161,0.017973
1,0.040518,0.91262,0.3633,0.015316
0,0.023604,0.000997,0.018176,0.0081843
0,0.01003,0.0041946,0.019674,0.0091352
0,0.0024327,0.012879,0.01069,0.0099445
0,0.0046431,0.010654,0.018152,0.00023254
0,0.0080014,0.0028335,0.025006,0.0047385
0,0.0043514,0.0017548,0.015884,0.0037772
0,0.0060175,0.0045375,0.0054177,0.010712
0,0.0076231,0.009277,0.016835,0.021465
0,0.014097,0.030186,0.017789,0.013269
0,0.01081,0.024299,0.021898,0.0060875
0,0.040644,0.0030511,0.01549,0.8742
0,0.0067415,0.007057,0.017296,0.010993
0,0.013593,0.0016693,0.015819,0.015549
0,0.01041,0.015374,0.015498,0.01163
0,0.009204,0.0031337,0.022899,0.0091521
0,0.01371,0.0023011,0.016083,0.010215
0,0.0086766,0.0097215,0.015843,0.016053
0,0.016348,0.00067254,0.012103,0.0053213
0,0.0035607,0.0015817,0.016572,0.009363
0,0.0095215,0.00022069,0.018839,0.016675
0,0.0138,0.0047413,0.015308,0.00065523
0,0.0018481,0.0065146,0.011345,0.0078961
0,0.013989,0.039252,0.013761,0.011522
0,0.0055452,0.0014012,0.025565,0.0086795
0,0.01371,0.0019756,0.016016,0.019548
0,0.020295,0.053953,0.019154,0.012527
0,0.014113,0.0076654,0.016071,0.021024
0,0.0070469,0.0004316,0.014152,0.017546
0,0.0095177,0.056773,0.015616,0.0083126
0,0.022064,0.0090745,0.019763,0.0023907
0,0.053762,0.059291,0.026396,0.012623
0,0.01371,0.0037876,0.016236,0.016205
0,0.012044,0.0032228,0.01662,0.00213
0,0.12116,0.015946,0.016489,0.94439
0,0.0061472,0.010028,0.018195,0.011865
0,0.011338,0.004153,0.014256,0.016165
1,0.89719,0.27699,0.14325,0.019443
0,0.0016151,0.0051792,0.012703,0.017386
0,0.037874,0.0063681,0.01694,0.0062847
0,0.01534,0.0041573,0.017542,0.016165
0,0.013039,0.0023844,0.017009,0.014946
0,0.00096942,0.00043429,0.016078,0.013798
0,0.029501,0.0036064,0.015825,0.0053817
0,0.02692,0.0018773,0.01401,0.012784
1,0.068691,0.12288,0.45128,0.69902
0,0.01246,0.0052044,0.015503,0.010159
0,0.17342,0.005767,0.01992,0.01528
0,0.01371,0.0084318,0.014931,0.013936
0,0.0095183,0.0011902,0.015953,0.012899
0,0.01371,0.049855,0.016855,0.011114
0,0.010087,0.0010707,0.0054219,0.010919
0,0.0086668,0.0031658,0.012329,0.013617
0,6.4546e-05,0.0037264,0.019037,0.028029
0,0.0055963,0.16968,0.015802,0.0029448
0,0.01981,0.043449,0.018134,0.0065611
0,0.0048319,0.049251,0.015225,0.017268
0,0.025019,0.0035338,0.017415,0.017517
0,0.0059569,0.0089521,0.014734,0.0086084
0,0.008071,0.01225,0.016564,0.0060419
0,0.17697,0.074347,0.01408,0.0187
0,0.010969,0.00062359,0.015833,0.0053206
0,0.003893,0.0017697,0.029901,0.011545
0,0.023788,0.0058269,0.013298,0.010993
0,0.0040028,0.017652,0.015511,0.015307
0,0.011367,0.00026639,0.012173,0.0083117
0,0.0017587,0.018057,0.015234,0.06058
0,0.0033271,0.04559,0.018615,0.011868
0,0.008702,0.00051014,0.017615,0.012407
0,0.0093643,0.0055964,0.015805,0.0078277
0,0.0021781,0.04624,0.011108,0.010457
0,0.0022606,0.030953,0.017139,0.0080823
0,0.00039264,0.0015268,0.015047,0.0096952
0,0.0082441,0.0061176,0.014101,0.023388
0,0.0031347,0.026476,0.015682,0.01609
0,0.0084302,0.0016884,0.013881,0.012697
0,0.010833,0.0091228,0.012861,0.016379
0,0.0094651,0.0059847,0.053883,0.032079
0,0.045312,0.0020772,0.016732,0.0094791
0,0.006544,0.032471,0.016438,0.019685
1,0.20433,0.0058543,0.018688,0.89435
0,0.01371,0.0033496,0.015387,0.015209
0,0.018265,0.37049,0.03327,0.028017
0,0.01371,0.0012751,0.014503,0.0082354
0,0.007317,0.0059045,0.015923,0.02052
0,0.016386,0.0049571,0.01511,0.010922
0,0.0093719,0.0065641,0.0032199,0.010935
0,0.0047689,0.00046863,0.01351,0.01557
0,0.0039983,0.00012799,0.27332,0.013062
0,0.0045055,0.0050572,0.019649,0.012154
1,0.092819,0.023845,0.080185,0.25527
0,0.019698,0.0073877,0.015507,0.0078458
0,0.0071243,0.030201,0.011647,0.012296
0,0.0084674,0.15478,0.01428,0.013376
0,0.015219,0.0045037,0.015244,0.0050742
0,0.0074537,0.00042989,0.019418,0.015314
0,0.0035278,0.015149,0.01622,0.015315
0,0.01371,0.0057464,0.016251,0.02254
0,0.0077081,0.0066585,0.016869,0.018545
0,0.074073,0.0034336,0.01345,0.0045676
0,0.028238,0.050372,0.017191,0.015727
0,0.0085318,0.00044896,0.014029,0.016662
0,0.0074998,0.0050878,0.013294,0.022683
0,0.014133,0.0014742,0.015569,0.019749
0,0.010497,0.0029904,0.016155,0.017236
0,0.011416,0.15626,0.035749,0.1319
0,0.0097046,0.00060537,0.015295,0.013778
0,0.0084845,0.02119,0.016768,0.0077336
0,0.0098431,0.0011564,0.015021,0.014596
0,0.0083156,0.013808,0.016488,0.012233
0,0.0016932,0.027607,0.014438,0.013283
0,0.013255,0.0025305,0.015224,0.013363
0,0.023614,0.028864,0.016128,0.014036
0,0.012807,0.099083,0.016845,0.018673
0,0.0096168,0.027592,0.039797,0.0099105
0,0.0080293,0.012942,0.014548,0.028457
0,0.0057325,0.00050518,0.013218,0.013517
0,0.0024462,0.0030749,0.016665,0.0066834
0,0.0056018,0.010258,0.015449,0.044461
0,0.011197,0.020298,0.01648,0.010357
0,0.0021717,0.010327,0.015536,0.018479
0,0.0056818,0.036948,0.011993,0.0081302
0,0.01371,0.0097049,0.026975,0.015689
0,0.0034853,0.00070364,0.016614,0.011844
0,0.011513,0.060107,0.01607,0.015763
0,0.025223,0.1405,0.013012,0.026217
0,0.01371,0.0050657,0.018201,0.017002
0,0.0073128,0.0039917,0.016803,0.014992
0,0.0036824,0.0029379,0.016583,0.012899
0,0.0047637,0.38112,0.016823,0.017315
0,0.0049504,0.033684,0.017969,0.018763
0,0.012316,0.0037949,0.014528,0.01899
0,0.006067,0.00032073,0.014189,0.018053
0,0.0082015,0.0025627,0.013987,0.0079537
0,0.01371,0.0062749,0.016029,0.013633
0,0.010717,0.025876,0.0093235,0.018925
0,0.0046982,0.00041855,0.023825,0.031104
0,0.011782,0.0012886,0.016381,0.016886
0,0.036706,0.012756,0.014217,0.0045697
0,0.0066463,0.0025584,0.013516,0.011489
0,0.004531,0.0027963,0.0071709,0.0089542
0,0.0064935,0.0093548,0.016095,0.012037
0,0.01545,0.0095947,0.016071,0.0076724
1,0.51674,0.98779,0.072853,0.72124
0,0.00096131,0.0075452,0.018961,0.015154
0,0.0064491,0.00082495,0.0099952,0.0098266
0,0.0096287,0.0020987,0.016672,0.014312
0,0.010089,0.010827,0.016741,0.0048657
0,0.005057,0.021137,0.01952,0.021538
0,0.010911,0.0030543,0.011624,0.0076236
0,0.0014873,0.015074,0.013074,0.0052903
0,0.0060652,0.018597,0.011733,0.010742
0,0.01546,0.004659,0.016724,0.013725
0,0.46768,0.0066875,0.016182,0.017236
0,0.0025297,0.011757,0.016937,0.015151
0,0.012437,0.0031065,0.0071761,0.010715
0,0.0019415,0.0068903,0.0070175,0.010825
0,0.0040917,0.0033792,0.014261,0.02298
0,0.012223,0.0010307,0.010979,0.014278
0,0.045751,0.05688,0.017745,0.014791
0,0.0045795,0.0015132,0.016755,0.0041906
0,0.0045386,0.00020535,0.01411,0.0061708
0,0.015422,0.0025977,0.019704,0.018632
0,0.0053345,0.0050669,0.015882,0.019935
0,0.010405,0.0026335,0.016011,0.018276
0,0.0094543,0.014118,0.010556,0.0042017
0,0.012749,0.043572,0.012299,0.017935
0,0.015718,0.0017144,0.019576,0.021554
0,0.0096814,0.0020354,0.015615,0.025231
0,0.025465,0.050331,0.015924,0.011857
0,0.0085128,0.0080918,0.018048,0.016726
1,0.2126,0.36853,0.060611,0.095287
0,0.015516,0.024792,0.013929,0.0037126
0,0.0064227,0.010203,0.015555,0.0184
0,0.014814,0.010097,0.015685,0.010423
0,0.0052094,0.001827,0.016351,0.0058383
0,0.011251,0.011833,0.016062,0.0052732
0,0.0051596,0.0070851,0.015849,0.013525
0,0.0074579,0.0018881,0.01145,0.012158
0,0.01371,0.0063147,0.011285,0.012606
0,0.019537,0.086627,0.011767,0.018557
1,0.5736,0.036603,0.044579,0.029885
1,0.062012,0.88268,0.020704,0.17171
0,0.0051345,0.00071767,0.014263,0.019298
0,0.0092697,0.00050355,0.012916,0.017679
0,0.0087262,0.0010721,0.016415,0.029715
0,0.0057597,0.010793,0.016634,0.0034035
0,0.011052,0.0015021,0.033775,0.015836
0,0.021008,0.056887,0.012741,0.0095268
0,0.0086464,0.013723,0.014787,0.015989
0,0.0076599,0.0031156,0.01598,0.01948
0,0.015864,0.0031649,0.02778,0.0052732
0,0.0015618,0.073493,0.015088,0.0097674
0,0.015219,0.0040074,0.016134,0.010516
0,0.003011,0.056871,0.014429,0.020053
0,0.0075257,0.0038559,0.013043,0.012238
0,0.010872,0.00052014,0.015268,0.013704
0,0.0055691,0.0018984,0.011693,0.0070215
0,0.0094532,0.0081391,0.016958,0.0065969
0,0.012073,0.0048257,0.015226,0.012321
0,0.0077034,0.016326,0.0093902,0.0058545
0,0.013805,0.0365,0.022325,0.010339
0,0.017814,0.051075,0.036131,0.014246
0,0.0020896,0.005768,0.012916,0.00040125
0,0.0023534,0.0016802,0.01727,0.012301
0,0.0032001,0.0004931,0.016788,0.018535
0,0.0087269,0.017554,0.011864,0.066462
0,0.011044,0.0038108,0.016129,0.0039028
0,0.0088057,0.003054,0.019272,0.018617
0,0.007283,0.0065126,0.012735,0.011149
1,0.32863,0.98456,0.36996,0.030648
0,0.010338,0.0012657,0.00076112,0.015505
0,0.0022003,0.00093969,0.016489,0.017236
0,0.025611,0.00094927,0.011944,0.013394
0,0.0099107,0.013369,0.020384,0.018745
0,0.0054873,0.00052686,0.016202,0.011743
0,0.01164,0.0043331,0.017987,0.27403
0,0.012874,0.0088729,0.015449,0.016696
0,0.019672,0.010862,0.014722,0.010408
0,0.017024,0.010458,0.01479,0.011497
0,0.011713,0.017523,0.016948,0.042056
0,0.006758,0.011599,0.015131,0.015198
0,0.011536,0.0038647,0.016566,0.0047814
0,0.012544,0.05082,0.014668,0.010838
0,0.035862,0.0016893,0.025193,0.0033718
0,0.0098015,0.010387,0.015014,0.022109
0,0.0076721,0.0012058,0.013562,0.27744
0,0.018406,0.064957,0.016558,0.015278
0,0.022612,0.047178,0.014359,0.011682
0,0.0093322,0.0011261,0.01575,0.016163
0,0.019375,0.04361,0.01407,0.012239
0,0.046021,0.0088531,0.012218,0.014581
0,0.031461,0.049137,0.014421,0.0087982
0,0.0079168,0.0084926,0.017029,0.019732
0,0.0095076,0.00048732,0.016615,0.013241
0,0.01371,0.0083411,0.010326,0.011334
0,0.031421,0.0044182,0.015796,0.017119
0,0.0096441,0.0018073,0.018659,0.014591
0,0.0056623,0.0027772,0.014868,0.011588
0,0.0084654,0.023845,0.013599,0.018498
0,0.047881,0.052493,0.023307,0.019905
0,0.009751,0.018228,0.016736,0.021635
0,0.0069201,0.0027505,0.013958,0.015583
0,0.015952,0.026453,0.025083,0.01072
0,0.035176,0.003559,0.014461,0.010346
0,0.0047778,0.0029869,0.01195,0.028563
0,0.040602,0.11123,0.01797,0.0088806
0,0.014167,0.012044,0.012606,0.0047933
0,0.0092527,0.043777,0.014761,0.013868
0,0.0050066,0.012625,0.014064,0.011204
0,0.015778,0.016169,0.015217,0.0022565
0,0.0086581,0.0021732,0.012724,0.014514
0,0.0078005,0.0076758,0.016054,0.0037149
0,0.0073019,0.0036177,0.01473,0.015407
0,0.0096294,0.030037,0.014717,0.011542
0,0.0078452,0.021157,0.014312,0.038075
0,0.01371,0.0125,0.0059885,0.018569
0,0.012457,0.013203,0.012629,0.0075024
0,0.0091885,0.0023652,0.025338,0.0090368
0,0.005293,0.042654,0.021862,0.012752
0,0.0087283,0.0025997,0.016148,0.0084358
0,0.0088525,0.047527,0.016895,0.0083833
0,0.0066856,0.0085138,0.015635,0.017519
0,0.0036291,0.0030877,0.013804,0.014122
0,0.0049999,0.0047858,0.016594,0.0085561
0,0.01078,0.00030772,0.01564,0.0075363
0,0.0091875,0.00041016,0.016418,0.0037283
0,0.020745,0.010824,0.015811,0.0064997
0,0.0095132,0.01098,0.032469,0.0091841
0,0.0033485,0.0025048,0.012343,0.0073988
0,0.0097927,0.00067919,0.015097,0.0057883
0,0.012334,0.027546,0.016813,0.01076
0,0.0053572,0.0029669,0.015871,0.026777
0,0.0021632,0.0073203,0.014035,0.013659
0,0.010087,0.08549,0.015239,0.0032137
0,0.017917,0.050468,0.010542,0.027288
0,0.0059547,0.0026275,0.0021608,0.01302
0,0.010485,0.018167,0.014444,0.016506
0,0.0044451,0.0011767,0.016897,0.012019
0,0.0016442,0.00088378,0.016279,0.02501
0,0.0073581,0.0064721,0.015792,0.014162
0,0.021428,0.003896,0.016017,0.014687
0,0.0079246,0.0054028,0.018894,0.01404
0,0.029718,0.070863,0.016391,0.0038272
0,0.0063316,0.0051265,0.016565,0.0095126
0,0.017973,0.013468,0.01665,0.11781
0,0.014665,0.028347,0.015462,0.0093847
1,0.692,0.91706,0.054187,0.58553
0,0.0033896,0.014767,0.016789,0.0093241
0,0.012995,0.021302,0.015065,0.0036783
0,0.0070329,0.056301,0.0098379,0.039241
0,0.011238,0.026351,0.015537,0.0052137
0,0.010454,0.0036587,0.011318,0.012584
0,0.010155,0.002861,0.01725,0.014281
0,0.01371,0.031901,0.015835,0.0060554
0,0.0084495,0.0021858,0.0053584,0.012444
0,0.010896,0.071668,0.01413,0.020264
0,0.010279,0.0018201,0.016069,0.0042499
0,0.00075281,0.0039547,0.015463,0.013811
0,0.0082156,0.0039634,0.01569,0.010197
0,0.035552,0.018457,0.017527,0.017968
0,0.013697,0.0017314,0.011493,0.0065653
1,0.038061,0.43323,0.043697,0.080014
1,0.34668,0.97018,0.066821,0.23658
0,0.01738,0.039817,0.016593,0.018344
0,0.0066833,0.0022883,0.016812,0.038655
0,0.0057952,0.0090255,0.015269,0.0094159
0,0.0098351,0.2104,0.016625,0.0088591
0,0.01371,0.037181,0.018974,0.0068152
0,0.010286,0.0048937,0.015444,0.0074451
0,0.013623,0.0015833,0.015002,0.061133
0,0.0059387,0.014906,0.017271,0.014637
0,0.015341,0.013736,0.013899,0.0074239
0,0.0078106,0.0089013,0.014214,0.014407
0,0.015091,0.034018,0.016569,0.011256
0,0.025983,0.0058546,0.021019,0.046263
0,0.0059404,0.00035693,0.016927,0.0022011
0,0.0043813,0.012966,0.01411,0.010349
0,0.0091935,0.0090028,0.016402,0.010231
0,0.0066096,0.019805,0.014704,0.0079299
0,0.0097442,0.0021184,0.013887,0.011527
0,0.0015644,0.011849,0.016561,0.014632
0,0.043902,0.0068034,0.0035334,0.0024225
0,0.010273,0.0055866,0.02541,0.0087549
0,0.0050034,0.00099537,0.024262,0.01513
0,0.0083891,0.0021204,0.017469,0.010734
0,0.0011889,0.018051,0.015904,0.010883
0,0.0066806,0.0026836,0.0091558,0.0065319
0,0.0087222,0.017793,0.011721,0.037902
0,0.014815,0.058221,0.016938,0.0098497
0,0.01536,0.049733,0.015668,0.01326
0,0.010452,0.0045582,0.010636,0.022873
0,0.018026,0.00062973,0.019751,0.017374
0,0.0011459,0.015902,0.037823,0.013152
0,0.0034301,0.0048777,0.018716,0.0049609
0,0.01371,0.011263,0.01747,0.016269
0,0.002601,0.032598,0.014506,0.016954
0,0.0076713,0.0076676,0.015736,0.0086448
0,0.0068324,0.036927,0.016597,0.015419
0,0.0076811,0.00079643,0.015608,0.014283
0,0.013631,0.038083,0.017282,0.0026554
0,0.013385,0.012972,0.0168,0.018108
0,0.018684,0.011937,0.01445,0.011013
0,0.011857,0.050088,0.017676,0.016925
0,0.014258,0.0053311,0.014836,0.012839
0,0.016021,0.0067872,0.0187,0.016247
0,0.019024,0.0002211,0.01602,0.021265
1,0.14687,0.55441,0.63215,0.12347
0,0.0051961,0.0096934,0.02417,0.015309
0,0.017824,0.00403,0.017024,0.012444
0,0.01371,0.0028124,0.016773,0.020315
0,0.013784,0.0017813,0.014877,0.0043185
0,0.02775,0.0015812,0.01421,0.0073521
0,0.003231,0.021482,0.020507,0.0112
0,0.0022951,0.025868,0.015776,0.0073168
0,0.010397,0.018272,0.01547,0.012252
0,0.0039439,0.032167,0.015131,0.03841
0,0.019556,0.02605,0.012341,0.010151
0,0.0055707,0.0044868,0.022201,0.0075512
0,0.003426,0.017601,0.016445,0.016246
0,0.0087162,0.068648,0.019746,0.00084745
0,0.0081687,0.0063607,0.014783,0.01942
0,0.011766,0.0020543,0.011708,0.019569
0,0.0073237,0.01922,0.013329,0.012858
0,0.0040849,0.0021598,0.014979,0.011521
0,0.035255,0.0025603,0.013821,0.011266
0,0.0017057,0.0012111,0.016414,9.6464e-05
0,0.0090643,0.0045455,0.016635,0.004006
0,0.001293,0.001638,0.011842,0.012162
0,0.014068,0.0017792,0.014759,0.013567
0,0.0062987,0.0066301,0.017552,0.014642
0,0.0018989,0.001651,0.014051,0.021043
0,0.0022599,0.001787,0.017195,0.010445
0,0.0076508,0.044761,0.01685,0.016058
0,0.013177,0.0085739,0.010488,0.0082295
0,0.01371,0.205,0.016888,0.018587
0,0.01371,0.0081557,0.011015,0.012536
1,0.81899,0.99589,0.07737,0.030002
0,0.0064596,0.01241,0.015898,0.010253
0,0.0026106,0.0022801,0.01619,0.0093563
0,0.002314,0.01374,0.015183,0.010581
0,0.0043862,0.0237,0.023409,0.072005
0,0.027548,0.0083233,0.014599,0.010003
0,0.0031353,0.0030767,0.013203,0.019929
0,0.0064084,0.00055141,0.01652,0.0023507
0,0.062738,0.077068,0.014039,0.016369
0,0.00824,0.0013626,0.01686,0.020707
0,0.015302,0.010352,0.016842,0.013121
0,0.0064494,0.0012073,0.013835,0.010877
0,0.0099582,0.00064122,0.018483,0.0021088
0,0.0071616,0.0017314,0.017,0.0083999
0,0.003786,0.018325,0.019581,0.016494
0,0.0088886,0.0013847,0.015987,0.012891
0,0.011953,0.012956,0.014676,0.013516
0,0.01018,0.0015649,0.015869,0.0084288
0,0.0054256,0.0050277,0.016058,0.0071563
0,0.010594,0.019171,0.027255,0.025202
0,0.0096606,0.0037511,0.01802,0.017906
0,0.010284,0.034071,0.016674,0.011152
0,0.015192,0.0090682,0.015232,0.019532
0,0.10066,0.0047327,0.012887,0.073602
0,0.01085,0.0012915,0.013898,0.0075287
0,0.0099507,0.00091461,0.015778,0.011116
0,0.012294,0.0124,0.015525,0.0087478
0,0.011447,0.0092732,0.016476,0.010893
0,0.01371,0.026045,0.014548,0.016719
0,0.010615,0.016676,0.01665,0.016342
0,0.0012013,0.0014239,0.010873,0.010657
0,0.004263,0.0031839,0.017427,0.0041076
0,0.0046597,0.0055126,0.016081,0.015568
0,0.00092468,0.0045719,0.015413,0.01058
0,0.02786,0.0089982,0.019347,0.017236
0,0.00083221,0.048479,0.014623,0.015233
0,0.01371,0.0032342,0.015955,0.012631
1,0.56916,0.97444,0.087359,0.17366
0,0.0063157,0.035016,0.018149,0.015442
0,0.0093931,0.0013244,0.0097196,0.01625
0,0.0030518,0.077801,0.016737,0.013564
0,0.012771,0.002751,0.01666,0.0040404
0,0.0067847,0.00074403,0.017382,0.011025
0,6.6159e-05,0.0026495,0.020265,0.0077009
0,0.0089404,0.023492,0.01647,0.0059936
0,0.015645,0.0024624,0.017958,0.0081555
0,0.010944,0.025736,0.010904,0.011529
0,0.016915,0.066364,0.010818,0.017146
0,0.0091191,0.004604,0.016456,0.017967
0,0.019626,0.0038805,0.015482,0.012007
0,0.015002,0.00024062,0.00544,0.021691
0,0.0069761,0.0018381,0.030205,0.013805
0,0.017235,0.0035481,0.013058,0.017236
0,0.001748,0.0086137,0.015237,0.0093218
0,0.00943,0.013226,0.015404,0.020022
0,0.0088794,0.023297,0.013204,0.012593
0,0.0037964,0.00022495,0.010049,0.020391
0,0.0088988,0.034547,0.011426,0.013311
0,0.013637,0.015179,0.013019,0.017498
0,0.0085129,0.018181,0.01109,0.0074767
0,0.016294,0.0040364,0.018528,0.0056064
0,0.0076758,0.001842,0.013739,0.022545
0,0.013027,0.018794,0.016043,0.0088058
0,0.015003,0.010282,0.015182,0.010351
0,0.00084811,0.0024311,0.016207,0.0084345
0,0.0050742,0.0036128,0.018002,0.0080877
0,0.005725,0.013161,0.01545,0.014082
0,0.0077217,0.021711,0.017448,0.014262
0,0.011528,0.024489,0.013852,0.017001
0,0.01371,0.076671,0.016046,0.017236
0,0.017171,0.00066924,0.016573,0.016631
0,0.013681,0.043531,0.015983,0.018047
0,0.011187,0.007553,0.019051,0.015165
0,0.028182,0.053718,0.013911,0.0050297
0,0.0047397,0.014855,0.015982,0.014033
0,0.0096801,0.0017454,0.016549,0.054547
0,0.016911,0.0008223,0.014521,0.0058939
0,0.011185,0.0064252,0.016797,0.01237
0,0.01371,0.0075387,0.017128,0.010352
0,0.022483,0.046913,0.015083,0.010601
0,0.086347,0.0013626,0.013241,0.01219
0,0.0020937,0.0072638,0.017532,0.01894
0,0.0038682,0.0036073,0.012484,0.012696
0,0.0081511,0.012215,0.011724,0.011681
0,0.0059182,0.018274,0.014705,0.01908
0,0.011197,0.013722,0.013661,0.0029485
0,0.0051821,0.00028584,0.015458,0.011625
0,0.010023,0.023235,0.016906,0.010642
0,0.015105,0.010472,0.018568,0.019303
0,0.0025974,0.006277,0.027911,0.00030993
0,0.011007,0.0055479,0.10088,0.0074462
0,0.005693,0.0027897,0.013603,0.0066397
0,0.013381,0.22042,0.016727,0.020644
0,0.019077,0.034905,0.014148,0.014405
0,0.016214,0.012456,0.014038,0.0032172
0,0.014474,0.0087699,0.015885,0.012457
0,0.0034861,0.045038,0.015478,0.006998
0,0.032403,0.0057356,0.01485,0.016567
0,0.0099446,0.00020439,0.0153,0.0038844
0,0.0095779,0.010623,0.017016,0.0078771
0,3.2423e-05,0.0018438,0.015407,0.016255
0,0.006316,0.0032112,0.009305,0.012182
0,0.013314,0.011153,0.01692,0.017044
0,0.010385,0.015145,0.013889,0.010249
0,0.0037011,0.0011872,0.017069,0.014464
0,0.011929,0.019722,0.018317,0.0021468
0,0.0049639,0.0053974,0.016283,0.0073804
0,0.0074722,0.014195,0.018514,0.016734
0,0.0033788,0.023482,0.015682,0.013288
0,0.014,0.071699,0.014288,0.014936
0,0.0069779,0.027819,0.016296,0.010808
0,0.0025517,0.0028648,0.031605,0.0098574
0,0.013124,0.0052942,0.012143,0.012562
0,0.004249,0.00040138,0.011822,0.011033
0,0.003552,0.0012797,0.014148,0.0001995
0,0.0067045,0.015931,0.012977,0.021737
0,0.0095731,0.0050972,0.015635,0.0064982
0,0.0069546,0.046251,0.01431,0.012896
0,0.0069016,0.00046073,0.01635,0.017835
0,0.0041047,0.004977,0.017718,0.019636
0,0.014429,0.0012105,0.016808,0.014356
0,0.0050988,0.021059,0.01242,0.013232
0,0.010977,0.072398,0.014989,0.013422
0,0.012793,0.011174,0.016593,0.011674
0,0.01371,0.0032546,0.017197,0.012096
1,0.014129,0.59147,0.26222,0.016367
0,0.0027644,0.0012077,0.016517,0.013194
0,0.003226,0.0046424,0.01363,0.016908
0,0.010886,0.00056276,0.016248,0.021452
0,0.008514,0.041464,0.015236,0.014006
0,0.014949,0.012722,0.015623,0.0049077
0,0.0082829,0.017124,0.012851,0.01107
0,0.015096,0.0067114,0.021425,0.011103
0,0.0059246,0.00079033,0.011367,0.010988
0,0.0073572,0.027842,0.016197,0.0066816
0,0.020172,0.030062,0.015496,0.0054742
0,0.024851,0.14732,0.014055,0.0061772
0,0.031154,0.013431,0.021321,0.0075967
0,0.0013262,0.00099154,0.017223,0.014518
0,0.011442,0.0059191,0.013392,0.017194
1,0.036888,0.20604,0.062953,0.45583
0,0.013854,0.0024049,0.02552,0.012946
0,0.013386,0.0025905,0.012656,0.0099751
0,0.029243,0.18489,0.0080551,0.010991
0,0.0018475,0.012969,0.016679,0.017236
0,0.0044319,0.0017858,0.017241,0.0046719
0,0.01371,0.011985,0.01047,0.016948
0,0.010409,0.004002,0.010971,0.0087667
0,0.012068,0.003657,0.017927,0.0061404
0,0.005515,0.0024342,0.0094664,0.0078206
0,0.0038982,0.020312,0.014758,0.022427
0,0.0077208,0.049435,0.014713,0.014896
0,0.014628,0.0059573,0.016019,0.017187
0,0.0076303,0.03214,0.016493,0.0063916
0,0.034369,0.017426,0.019574,0.01497
0,0.019824,0.046248,0.015189,0.010141
0,0.037866,0.0051721,0.016576,0.0089024
0,0.010788,0.0014539,0.016665,0.0049436
0,0.0031479,0.0025741,0.016612,0.01067
0,0.0061232,0.00045959,0.0066249,0.0094374
0,0.060871,0.065074,0.016762,0.0040434
0,0.01803,0.012397,0.015556,0.012606
0,0.010022,0.016834,0.019928,0.01692
0,0.0062746,0.0017463,0.012316,0.005585
0,0.010953,0.0098586,0.015437,0.015377
0,0.022812,0.021463,0.013783,0.0023416
0,0.02185,0.014609,0.016741,0.017511
0,0.01051,0.014663,0.036252,0.01184
0,0.016716,0.005083,0.016599,0.0075354
0,0.012932,0.00051054,0.015771,0.015522
0,0.0097458,0.00017333,0.0083703,0.015732
0,0.011193,0.011796,0.016689,0.019123
0,0.012279,0.010218,0.001282,0.016353
0,0.0049762,0.13329,0.0064667,0.024411
0,0.031739,0.050683,0.035177,0.0136
0,0.0018796,0.0045004,0.016113,0.016177
0,0.0056202,0.0060942,0.014864,0.027104
0,0.0056069,0.0051413,0.029167,0.00908
0,0.0081863,0.0065701,0.01339,0.022893
0,0.0044749,0.0046795,0.018622,0.016585
0,0.013547,0.041179,0.015165,0.007114
0,0.037022,0.0085778,0.014909,0.007833
0,0.0035505,0.0012294,0.0146,0.0089414
0,0.0077975,0.054161,0.01868,0.018749
0,0.009097,0.013836,0.017507,0.0111
0,0.017916,0.0005304,0.011413,0.017947
0,0.011125,0.0044799,0.01609,0.1185
1,0.11295,0.13636,0.18001,0.045906
0,0.0047746,0.004787,0.015972,0.015547
0,0.013024,0.0088431,0.013862,0.045609
0,0.010299,0.012005,0.013264,0.0064799
0,0.020645,0.032164,0.016583,0.063119
1,0.028151,0.97814,0.24693,0.071409
0,0.0047303,0.0054975,0.016075,0.0065305
0,0.018873,0.1129,0.016275,0.013926
0,0.010739,0.0067171,0.015272,0.0071749
0,0.011258,0.0026649,0.016618,0.0070942
0,0.0052543,0.0026514,0.014041,0.014711
0,0.0075054,0.017627,0.0089768,0.0097696
0,0.0060417,0.012789,0.016891,0.013756
0,0.0084312,0.15304,0.017454,0.0052081
0,0.010482,0.00342,0.014406,0.014636
0,0.026586,0.019906,0.013923,0.013023
0,0.0021387,0.00076032,0.031233,0.012628
0,0.010125,0.001533,0.013964,0.037069
0,0.01418,0.00046357,0.014395,0.019484
0,0.0078054,0.0062262,0.017074,0.01624
0,0.0062961,0.0067304,0.016526,0.01575
0,0.014787,0.0023946,0.017778,0.0073747
0,0.007629,0.038135,0.014874,0.00018583
0,0.0021065,0.0017982,0.013179,0.033714
0,0.006853,0.0008067,0.014599,0.011986
0,0.01371,0.012636,0.012017,0.017871
0,0.0098776,0.012949,0.014597,0.0096372
0,0.0064981,0.015776,0.014732,0.0099993
0,0.0014267,4.5222e-05,0.0084787,0.0091442
1,0.04564,0.97186,0.069278,0.77899
0,0.027106,0.0024681,0.019693,0.0098067
0,0.0047248,0.0050159,0.01477,0.018785
0,0.0049059,0.010887,0.013886,0.0081323
0,0.0080887,0.005819,0.01381,0.014783
0,0.00013533,0.0042469,0.043684,0.014196
0,0.0034611,0.0016791,0.01128,0.010537
0,0.0062594,0.01057,0.017579,0.015517
0,0.010441,0.018323,0.015779,0.0096054
0,0.0061585,0.022774,0.024035,0.020563
0,0.0067601,0.00052629,0.03,0.0094986
0,0.0030315,0.00265,0.018636,0.019081
0,0.00026654,0.0003761,0.014408,0.013952
0,0.011582,0.019579,0.00077215,0.028838
1,0.022141,0.35167,0.034845,0.178
0,0.0035448,0.016317,0.015163,0.017236
0,0.008687,0.031791,0.013193,0.035675
0,0.0011277,0.00058939,0.015258,0.047951
0,0.0075179,0.031526,0.01233,0.012837
0,0.024498,0.025369,0.015621,0.0071152
0,0.016322,0.0021651,0.019927,0.0016498
0,0.0038421,0.0073105,0.014473,0.01848
0,0.0097576,0.011824,0.016189,0.01234
0,0.012677,0.012219,0.016936,0.044825
0,0.0070443,0.0017214,0.023638,0.010815
0,0.0093722,0.037528,0.013627,0.011977
0,0.011919,0.0051812,0.015955,0.010543
0,0.0093476,0.016023,0.016685,0.0112
0,0.0048259,0.027124,0.016178,0.004553
0,0.0076096,0.0035684,0.011583,0.012597
0,0.013953,0.00084111,0.015869,0.010461
0,0.010257,0.00046292,0.015862,0.018005
0,0.011597,0.018579,0.014231,0.014708
0,0.018581,0.042417,0.016856,0.0085677
0,0.004512,0.0020319,0.017847,0.024784
0,0.027049,0.0066652,0.01689,0.013852
0,0.026355,0.0070397,0.025256,0.0054821
0,0.12534,0.0024505,0.012167,0.0092057
0,0.01379,0.00096266,0.0052225,0.0079681
0,0.019172,0.0863,0.0163,0.0090721
0,0.0041717,0.00059087,0.015861,0.018061
0,0.012279,0.0046794,0.014963,0.0019659
0,0.012717,0.0093108,0.016791,0.032602
1,0.27486,0.99566,0.18205,0.091819
0,0.0046172,0.00080764,0.015415,0.016
0,0.024002,0.066546,0.017663,0.012156
0,0.0029535,0.0060846,0.014532,0.0052204
0,0.0074091,0.0072402,0.016551,0.0025506
0,0.013882,0.025183,0.064969,0.013767
0,0.010579,0.01961,0.015859,0.01497
0,0.006047,0.013986,0.013951,0.0065836
1,0.0311,0.99804,0.027094,0.05297
0,0.010003,0.021378,0.018822,0.0049214
0,0.0030736,0.0041706,0.014298,0.012943
0,0.0042383,0.0076016,0.015266,0.019522
0,0.013524,0.12303,0.016676,0.0070948
0,0.01061,0.0049641,0.013169,0.017236
0,0.011563,0.0093439,0.052357,0.02694
0,0.0094986,0.0066411,0.015195,0.0080202
0,0.014146,0.0092895,0.015869,0.083724
0,0.035243,0.00057083,0.015495,0.0088546
0,0.056152,0.0077974,0.012659,0.0065549
0,0.032383,0.013791,0.0098861,0.008277
0,0.0093942,0.0043567,0.027503,0.006964
0,0.0051365,0.018527,0.014671,0.0055852
0,0.0090513,0.0013333,0.018107,0.0089544
0,0.007288,0.0043557,0.033242,0.0051858
0,0.024967,0.01293,0.016162,0.012316
0,0.016788,0.00036975,0.011223,0.025728
0,0.87327,0.025828,0.019108,0.017457
0,0.0012387,0.0091323,0.0026411,0.0099944
0,0.010646,0.00684,0.015407,0.57804
0,0.0064918,0.0017599,0.024056,0.014444
0,0.0089953,0.0056899,0.015871,0.015567
0,0.0071817,0.011558,0.014401,0.010267
0,0.0034831,0.00053689,0.014378,0.014427
0,0.0019321,0.011587,0.01704,0.031257
0,0.013502,0.018733,0.015783,0.013617
0,0.023821,0.0020546,0.015372,0.0059396
0,0.0076041,0.0091688,0.014879,0.0082427
0,0.008853,0.0043045,0.018706,0.015273
0,0.0078857,0.013543,0.015101,0.014295
0,0.0042195,0.011338,0.015587,0.0069218
0,0.010611,0.0037621,0.017404,0.0057097
0,0.01697,0.0026629,0.017782,0.0080218
0,0.0070476,0.10078,0.016784,0.0049197
0,0.01371,0.0022433,0.016204,0.014689
0,0.02807,0.0063961,0.01678,0.017444
0,0.0093768,0.019968,0.013986,0.019895
0,0.00041926,0.00064406,0.013905,0.011003
0,0.01371,0.0033437,0.019147,0.00012862
0,0.01371,0.014186,0.016431,0.051371
0,0.0085491,0.0018271,0.018755,0.012485
0,0.0012004,0.0014632,0.014701,0.01352
0,0.0032515,0.00026229,0.01628,0.018088
0,0.0085102,0.01178,0.01725,0.015701
0,0.01435,0.010044,0.019227,0.0099824
0,0.010045,0.009336,0.01566,0.015168
0,0.014618,0.0019839,0.015787,0.0084556
0,0.014819,0.0019298,0.015529,0.01015
0,0.017971,0.0051683,0.016621,0.0075428
0,0.01371,0.01978,0.014931,0.0017585
0,0.0045039,0.1616,0.013542,0.040991
1,0.39432,0.92355,0.038318,0.36583
0,0.025331,0.0084224,0.019243,0.017925
0,0.011573,0.01724,0.01769,0.02922
0,0.0088889,0.0069921,0.014473,0.0067847
0,0.0085164,0.010168,0.01809,0.010296
0,0.019332,0.0022119,0.013158,0.0041879
0,0.0080832,0.0038748,0.013552,0.01838
0,0.01727,0.0063764,0.032343,0.0082058
0,0.040544,0.050221,0.014139,0.017236
0,0.0042495,0.0062655,0.0093201,0.014985
0,0.010174,0.011748,0.01514,0.023267
0,0.0049999,0.00134,0.015157,2.778e-06
0,0.0099607,0.00091226,0.21174,0.012132
0,0.0075596,0.0052974,0.01089,0.012564
0,0.0047227,0.0071667,0.01594,0.0068474
0,0.010973,0.031735,0.016829,0.016987
1,0.01763,0.039408,0.031229,0.15799
0,0.0062619,0.013396,0.012026,0.016327
0,0.001084,0.00097094,0.013774,0.011314
0,0.033783,0.0049868,0.01552,0.004234
0,0.010564,0.00044671,0.012257,0.012408
0,0.013063,0.031185,0.016151,0.0012995
0,0.020146,0.021917,0.016872,0.0084132
0,0.0071124,0.0036969,0.01596,0.013678
0,0.0059151,0.0046415,0.016834,0.0068676
0,0.01183,0.0069865,0.013978,0.0087563
0,0.0033189,0.0061503,0.00076241,0.011414
0,0.010303,0.00031874,0.014478,0.034243
0,0.0041911,0.018549,0.013655,0.01833
0,0.00973,0.013239,0.016143,0.0080616
0,0.008357,0.0041685,0.0095795,0.011825
0,0.014019,0.0056174,0.014991,0.016071
0,0.0019942,0.019126,0.017445,0.0068846
0,0.0073557,0.0017347,0.017066,0.01723
0,0.0097501,0.0005389,0.017881,0.015802
0,0.01371,0.021626,0.016797,0.0036692
0,0.0042288,0.00074405,0.013299,0.019578
0,0.09757,0.0071567,0.016827,0.015786
0,0.016192,0.0062603,0.018564,0.012907
0,0.0038814,0.0014904,0.017233,0.0078222
0,0.013276,0.0020366,0.017086,0.019888
0,0.0046757,0.0015261,0.014784,0.0081677
0,0.0047692,0.061578,0.0079962,0.0092058
0,0.011606,0.060625,0.01563,0.025028
0,0.013276,0.072183,0.015489,0.006797
0,0.014809,0.010602,0.0097633,0.011352
0,0.015223,0.0026888,0.019797,0.013602
0,0.01371,0.0030614,0.016234,0.010765
0,0.016926,0.007987,0.01633,0.0087395
0,0.01371,0.0034749,0.016812,0.017263
0,0.0077165,0.0010064,0.018866,0.010722
0,0.010656,0.011646,0.015288,0.022638
0,0.015182,0.0011661,0.013354,0.0059535
0,0.0056121,0.0048524,0.016349,0.011613
0,0.010715,0.0066809,0.025066,0.048233
0,0.018809,0.0073433,0.0094865,0.018337
0,0.011853,0.00051122,0.013246,0.011245
0,0.0052555,0.0032602,0.0028161,0.045012
0,0.01371,0.0070697,0.016885,0.0085474
0,0.0088289,0.00789,0.018046,0.017189
0,0.023696,0.00058519,0.014047,0.013532
0,0.0046269,0.020087,0.01561,0.0019008
0,0.011222,0.10212,0.016783,0.023712
0,0.026246,0.0063278,0.015056,0.0078802
0,0.01371,0.015566,0.0010167,0.013395
0,0.024241,0.029624,0.013134,0.016452
0,0.0026011,0.002563,0.016473,0.012938
0,0.011697,0.07477,0.015474,0.014495
0,0.006559,0.001114,0.020081,0.012354
0,0.0016696,0.004865,0.009817,0.0053493
0,0.01645,0.014119,0.0045875,0.018706
0,0.010576,0.10281,0.043249,0.02107
0,0.0087056,0.0021059,0.014701,0.0079708
1,0.2564,0.98254,0.33063,0.34888
0,0.0024365,0.0062996,0.017666,0.016045
0,0.0038637,0.01429,0.015735,0.007164
0,0.022342,0.0091628,0.011914,0.013585
0,0.0091184,0.019762,0.013438,0.0045334
0,0.0089305,0.078596,0.0156,0.018868
0,0.022338,0.00086719,0.017343,0.010613
0,0.0049719,0.030106,0.023899,0.013542
0,0.0032712,0.00010508,0.012218,0.010423
0,0.011238,0.028643,0.01527,0.013907
0,0.037492,0.0025299,0.01607,0.0022958
0,0.01371,0.025648,0.015133,0.011373
0,0.02142,0.0055895,0.01567,0.014536
0,0.0065844,0.027234,0.015924,0.010418
0,0.0036807,0.0012351,0.015236,0.0093689
0,0.0065426,0.010971,0.02029,0.011043
0,0.0032264,0.0032039,0.01253,0.010311
0,0.0022295,0.011181,0.013679,0.009869
0,0.017576,0.036662,0.013671,0.022041
0,0.016435,0.061486,0.016064,0.010451
0,0.015493,0.0014639,0.013541,0.0067595
0,0.0083506,0.006248,0.016669,0.015357
0,0.0075894,0.00859,0.013914,0.015738
0,0.0093296,0.0016647,0.01629,0.019063
0,0.0067183,0.0014964,0.016835,0.025589
0,0.0037841,0.0030653,0.016597,0.014202
0,0.016116,0.0023442,0.018618,0.014156
0,0.0065425,0.013249,0.01485,0.015019
0,0.0021606,0.026331,0.015132,0.0066004
0,0.004857,0.0025464,0.018364,0.01603
0,0.0089381,0.0021156,0.01597,0.015609
0,0.0018476,0.01214,0.018971,0.016041
0,0.0040796,0.0089377,0.014296,0.0093059
0,0.043206,0.0083286,0.016032,0.017236
0,0.0093628,0.018089,0.016651,0.014964
0,0.0109,0.0033415,0.015732,0.020784
0,0.0091488,0.036644,0.01283,0.012714
0,0.0028275,0.12791,0.016604,0.01717
0,0.0013892,0.00052116,0.016073,0.010262
0,0.011914,0.0078862,0.012894,0.017236
0,0.009478,0.010212,0.0054201,0.0055165
0,0.0045695,0.016662,0.016025,0.012585
0,0.0023654,0.002405,0.014074,0.016044
0,0.015814,0.0020264,0.015473,0.023644
1,0.20636,0.80362,0.19572,0.021259
0,0.0068045,0.0013341,0.016296,0.038593
0,0.052747,0.0073668,0.016069,0.0082287
0,0.0094109,0.0038449,0.020195,0.0070164
0,0.0056625,0.0010577,0.014996,0.090251
0,0.0063602,0.029272,0.017657,0.015965
0,0.0056955,0.0040704,0.014458,0.0078983
0,0.008403,0.001157,0.011485,0.012606
0,0.0041278,0.19657,0.017864,0.0089119
0,0.022016,0.020554,0.082093,0.021842
0,0.0018784,0.0057071,0.018896,0.017462
0,0.0013912,0.006739,0.019581,0.0089225
0,0.00028511,0.0070825,0.018034,0.020769
0,0.0065596,0.001967,0.015324,0.011301
0,0.0012236,0.0020969,0.014901,0.01821
0,0.0036385,0.0034378,0.019515,0.010124
0,0.013547,0.0066249,0.01656,0.0049126
0,0.00041136,0.0049385,0.00071922,0.0055219
0,0.0075438,0.013114,0.015074,0.010948
0,0.0031419,0.00095263,0.013764,0.018991
0,0.0061112,0.0065282,0.016928,0.026151
0,0.010154,0.0018886,0.017244,0.0017181
0,0.011699,0.0057629,0.00078345,0.018573
0,0.0082497,0.038249,0.016192,0.01524
0,0.011423,0.0038975,0.013001,0.012725
0,0.033599,0.009138,0.0083323,0.020967
0,0.012821,0.0034457,0.016473,0.0083949
0,0.014552,0.0023004,0.015483,0.014403
0,0.01371,0.0024557,0.016292,0.022401
0,0.016154,0.0043051,0.016341,0.020573
0,0.008142,0.050819,0.014873,0.020176
0,0.028629,0.0037694,0.016,0.11468
0,0.0060495,0.0035891,0.016109,0.016409
0,0.0088328,0.0016141,0.015647,0.0044369
0,0.0073719,0.0071509,0.017505,0.011858
0,0.0053647,0.00069078,0.014746,0.024073
0,0.01154,0.014619,0.020017,0.014993
0,0.012219,0.0022058,0.018907,0.011065
0,0.0034251,0.16837,0.0089515,0.010571
0,0.00094846,0.027788,0.015469,0.011192
0,0.012715,0.00093796,0.016933,0.018731
0,0.0058392,0.010938,0.0145,0.013315
0,0.016615,0.030569,0.013259,0.02012
0,0.0061126,0.0075032,0.01562,0.0074077
0,0.0081205,0.0030553,0.018506,0.0082646
0,0.037999,0.0068087,0.018476,0.032216
0,0.0067377,0.0086663,0.016836,0.017117
0,0.0091108,0.0083256,0.016716,0.0071499
0,0.022306,0.0054978,0.024691,0.026335
0,0.0075982,0.05093,0.014888,0.0074261
0,0.0094871,0.00019968,0.016726,0.01855
0,0.01371,0.10264,0.019368,0.0064983
0,0.58077,0.0034841,0.015643,0.018218
0,0.0083923,0.0080036,0.011198,0.007291
0,0.009539,0.0014119,0.01994,0.0095563
0,0.0045343,0.00039563,0.020669,0.011036
0,0.0026784,0.0043686,0.014955,0.0089619
0,0.00688,0.011892,0.015114,0.017683
0,0.0074658,0.004851,0.01192,0.017266
0,0.036592,0.0035056,0.016683,0.011344
0,0.035982,0.099251,0.028425,0.011456
0,0.009145,0.005467,0.014786,0.012757
0,0.005316,0.00073655,0.053272,0.017229
0,0.015043,0.0028448,0.013069,0.017198
0,0.0065662,0.40492,0.068703,0.012468
0,0.029701,0.24694,0.014307,0.0096341
0,0.016069,0.0072084,0.013887,0.02783
1,0.033711,0.36036,0.018262,0.28927
0,0.0051561,0.0052441,0.011165,0.0019175
0,0.01371,0.00071695,0.01101,0.0151
0,0.0027894,0.0045066,0.016548,0.014375
0,0.011889,0.0029094,0.015719,0.010002
0,0.0013035,0.19423,0.011587,0.062781
0,0.0085185,0.0084858,0.010341,0.024317
1,0.15654,0.076161,0.088894,0.29776
0,0.014336,0.019552,0.016108,0.0078789
0,0.0061327,0.018716,0.014817,0.0059957
0,0.0067374,0.0011103,0.012472,0.026217
0,0.005336,0.0036202,0.014338,0.033191
0,0.0085751,0.0093515,0.016574,0.0032753
0,0.0026951,0.012211,0.023351,0.033666
0,0.0079068,0.00064799,0.022123,0.0088978
0,0.0096454,0.013599,0.017847,0.013603
0,0.0028847,0.023536,0.016781,0.012262
0,0.017404,0.0098727,0.014908,0.0031594
0,0.0096369,0.0094059,0.017868,0.013254
0,0.010906,0.0081519,0.016314,0.013933
0,0.010728,0.0016825,0.012905,0.0155
0,0.0098405,0.020883,0.016943,0.020689
0,0.0077538,0.0005317,0.016173,0.0079752
0,0.010678,0.00073707,0.036271,0.019998
0,0.03197,0.0011346,0.014635,0.0063139
0,0.027495,0.054906,0.017444,0.0082288
0,0.003338,0.0059712,0.015787,0.009912
0,0.13323,0.034376,0.017575,0.01631
0,0.013049,0.02853,0.013689,0.10255
0,0.0058884,0.0546,0.016618,0.0098318
0,0.011399,0.0070601,0.020719,0.0027706
0,0.0049577,0.00058209,0.021758,0.012695
0,0.012485,0.014132,0.014994,0.012158
0,0.011506,0.012386,0.016815,0.011418
0,0.023787,0.014251,0.017526,0.01406
0,0.0023231,0.0062522,0.017866,0.012439
0,0.01371,0.01371,0.017914,0.022738
0,0.0023193,0.0011965,0.016265,0.011796
0,0.014367,0.0045752,0.016573,0.012739
0,0.0040953,0.0013433,0.015637,0.0030748
0,0.011454,0.0033125,0.015888,0.021925
0,0.0092241,0.0019418,0.0092422,0.013183
0,0.019566,0.0014704,0.01226,0.017236
0,0.0041022,0.025453,0.014134,0.0063022
0,0.0077853,0.024093,0.016845,0.015699
0,0.010623,0.019454,0.016023,0.015454
0,0.0040012,0.18955,0.016354,0.0058655
0,0.11146,0.0046766,0.015687,0.0080777
0,0.023963,0.023479,0.020535,0.0083293
0,0.01333,0.037089,0.01659,0.017928
0,0.003912,0.002614,0.015571,0.030676
0,0.00044152,0.025643,0.012945,0.016077
0,0.046334,0.0023419,0.015977,0.016983
0,0.0025289,0.035006,0.012219,0.011732
0,0.01371,0.0057959,0.028867,0.019528
0,0.0069846,0.0062865,0.018213,0.0064957
0,0.0099353,0.0051834,0.016351,0.049208
0,0.0052083,0.0057728,0.014224,0.017379
0,0.0081281,0.00212,0.014099,0.015526
0,0.0041537,0.0044609,0.014479,0.01399
0,0.0065966,0.0046738,0.013388,0.011676
0,0.011307,0.041721,0.013402,0.017273
0,0.02227,0.00085034,0.027435,0.0129
0,0.0031891,0.004471,0.017655,0.013738
1,0.043668,0.99688,0.2201,0.27671
0,0.01371,0.0009815,0.014845,0.0096986
0,0.0081546,0.0013728,0.015879,0.016431
0,0.010915,0.0032512,0.012231,0.014829
0,0.011764,0.055951,0.013936,0.0092895
0,0.008264,0.0031226,0.014284,0.035597
0,0.0097659,0.0097748,0.014932,0.012994
0,0.0072211,0.0025626,0.016637,0.01101
0,0.0037174,0.082588,0.014752,0.0078128
0,0.005836,0.0091271,0.024986,0.012641
0,0.013582,0.0091073,0.015141,0.013314
0,0.0091296,0.059923,0.014625,0.014566
0,0.011413,0.0052577,0.014636,0.0138
0,0.0078254,0.0003465,0.015608,0.0083566
0,0.013151,0.013666,0.015337,0.013724
0,0.0080814,0.00684,0.017002,0.019321
1,0.062451,0.98133,0.15354,0.38342
0,0.0095916,0.003682,0.016403,0.013386
0,0.01384,0.006857,0.016718,0.015325
0,0.013263,0.07591,0.02204,0.014613
1,0.75204,0.99468,0.060617,0.24254
0,0.0072636,0.0062238,0.014394,0.028583
0,0.010198,0.0063521,0.013422,0.0022582
0,0.0044065,0.018875,0.015373,0.022749
0,0.0097733,0.02971,0.017392,0.0082645
0,0.032044,0.10066,0.01452,0.027113
0,0.0011804,0.007278,0.019416,0.0078175
0,0.00033397,0.001223,0.01363,0.015042
0,0.0030024,0.015196,0.011641,0.013274
0,0.00028235,0.0019486,0.010543,0.013202
0,0.017998,0.084042,0.031021,0.0060897
0,0.01221,0.073151,0.015806,0.017236
0,0.0062029,0.0018157,0.016809,0.012468
0,0.0070674,0.012963,0.017514,0.013612
0,0.0082462,0.0081254,0.014405,0.015011
0,0.0092907,0.0090833,0.015488,0.029612
0,0.014842,0.014634,0.034251,0.011794
0,0.0044831,0.013227,0.015979,0.026434
0,0.0065379,0.0015834,0.019265,0.015949
0,0.0060977,0.029298,0.016543,0.023248
0,0.0069172,0.0021731,0.012316,0.0027291
0,0.005762,0.0041041,0.011599,0.0031044
0,0.0098779,0.014921,0.015837,0.018719
0,0.0054682,0.0039783,0.02274,0.015414
0,0.0041489,0.0038451,0.018961,0.010994
0,0.0091525,0.0076658,0.016293,0.01676
0,0.018281,0.0090666,0.018033,0.015141
0,0.01371,0.0048405,0.026108,0.0080745
0,0.006505,0.00098618,0.015256,0.037166
0,0.01371,0.0022023,0.013251,0.022937
0,0.010705,0.047366,0.018655,0.025377
0,0.022571,0.032919,0.018801,0.012446
0,0.0037806,0.0014713,0.020165,0.0058758
0,0.0052923,0.01426,0.015361,0.013696
0,0.0092488,0.0085948,0.0075081,0.013639
0,0.031755,0.033069,0.016615,0.00053613
0,0.0079065,0.010037,0.015247,0.0027804
0,0.014662,0.011463,0.016592,0.011096
0,0.0082174,0.020885,0.018732,0.016378
0,0.0065058,0.003567,0.016249,0.0094199
0,0.0078306,0.023086,0.015307,0.015994
0,0.007013,0.15876,0.015481,0.0084465
0,0.0018896,0.0030973,0.016104,0.0093849
0,0.0098167,0.0042857,0.018625,0.012286
0,0.0088033,0.004035,0.017216,0.016801
0,0.0090458,0.011949,0.010673,0.008293
0,0.0087565,0.011986,0.014993,0.017408
0,0.009206,0.018038,0.013033,0.01169
0,0.0022378,0.0077722,0.016854,0.0086783
0,0.01371,0.0022698,0.015932,0.014188
0,0.012422,0.013232,0.015145,0.0092777
0,0.012001,0.0015909,0.0165,0.011715
0,0.24181,0.064639,0.010527,0.010993
0,0.0096717,0.0002363,0.008464,0.0025587
0,0.0098699,0.00559,0.017046,0.0063616
0,0.011459,0.0095449,0.015844,0.073687
0,0.01371,0.0060408,0.014869,0.015208
0,0.011274,0.0059154,0.018206,0.012447
0,0.0033889,0.0024529,0.011442,0.0044272
0,0.0091858,0.0038969,0.016407,0.017018
0,0.19863,0.0083081,0.01603,0.0065162
0,0.01371,0.005162,0.016595,0.014525
0,0.013441,0.0036443,0.015412,0.0092554
0,0.0096329,0.0045903,0.016824,0.014801
0,0.0042984,0.00062453,0.014126,0.0098955
0,0.0082791,0.010228,0.011867,0.011001
0,0.011652,0.12006,0.014158,0.011345
0,0.01361,0.00045847,0.016175,0.0019398
0,0.0075779,0.0071616,0.019065,0.0012737
0,0.01371,0.0044368,0.01552,0.0085918
0,0.015875,0.040407,0.016705,0.0096098
0,0.0020939,0.00075612,0.016014,0.0019753
0,0.0081471,0.0089748,0.026758,6.7585e-05
0,0.0071728,0.00729,0.01681,0.014865
0,0.0012166,0.0028082,0.021715,0.0086445
0,0.011689,0.015487,0.013184,0.014127
0,0.013729,0.020649,0.014156,0.002837
0,0.0052561,0.0067472,0.017542,0.031455
0,0.010837,0.003895,0.01985,0.0069723
0,0.01371,0.0025126,0.014941,0.0088913
0,0.0056849,0.01537,0.016455,0.015978
0,0.007093,0.14366,0.016495,0.10089
0,0.01371,0.033688,0.014807,0.02534
0,0.0034728,0.0045826,0.0078669,0.021235
0,0.073582,0.0034436,0.014346,0.013431
0,0.018626,0.0038575,0.020924,0.0036564
0,0.011256,0.0014154,0.01607,0.036015
0,0.010373,0.01857,0.00049931,0.0042461
0,0.01052,0.0010915,0.016265,0.0014424
0,0.014326,0.021215,0.01623,0.019163
0,0.01371,0.0039983,0.01629,0.0092324
0,0.098492,0.0022391,0.013654,0.016628
0,0.0027049,0.0070655,0.013437,0.00035133
0,0.0046895,0.00033609,0.016969,0.014108
0,0.010127,0.010218,0.016967,0.013474
0,0.0096022,0.013434,0.00074417,0.024879
0,0.01371,0.0015539,0.020424,0.022995
0,0.01371,0.01155,0.016956,0.022724
0,0.0086588,0.0088811,0.013612,0.016216
0,0.01221,0.0063119,0.0033447,0.055532
0,0.016546,0.06331,0.012615,0.012809
0,0.0069385,0.029182,0.016278,0.99986
0,0.0097524,0.00084442,0.016867,0.0083277
0,0.029208,0.021941,0.020545,0.016095
0,0.0045378,0.00085643,0.015586,0.014977
0,0.022587,0.004029,0.019906,0.020137
0,0.007847,0.023503,0.014786,0.011857
0,0.0025702,0.010112,0.016415,0.009827
0,0.0099329,0.028139,0.017839,0.013955
0,0.0061178,0.0085292,0.016881,0.010376
1,0.81941,0.59318,0.038382,0.99657
0,0.0081095,0.036505,0.015322,0.0094545
0,0.0060323,0.00090737,0.01644,0.075407
0,0.0046321,0.012997,0.010859,0.020282
0,0.0097124,0.0050895,0.014744,0.01729
0,0.0055329,0.01375,0.019787,0.0080361
0,0.011766,0.0044267,0.016094,0.02343
0,0.013298,0.028728,0.017491,0.018271
0,0.0071341,0.0013371,0.017264,0.010223
0,0.0030844,0.0056932,0.023533,0.0086638
0,0.0032983,0.0059733,0.016593,0.016985
0,0.00037259,0.0031947,0.024764,0.11864
0,0.010571,0.00039857,0.014897,0.0059118
0,0.010533,0.017066,0.012657,0.019191
0,0.021117,0.0091485,0.015784,0.0093481
0,0.012507,0.0013165,0.015845,0.0096623
0,0.0040991,0.0090923,0.010359,0.0096304
0,0.010318,0.030541,0.016315,0.015553
1,0.75024,0.99262,0.73009,0.037756
0,0.01371,0.0066959,0.015937,0.012328
0,0.019614,0.0012108,0.013223,0.0030738
0,0.0038377,0.021082,0.014532,0.01442
0,0.024503,0.0010639,0.015441,0.0048673
0,0.022427,0.0036981,0.015147,7.343e-06
0,0.01371,0.0024242,0.024115,0.011389
0,0.013029,0.0030918,0.023293,0.0048197
0,0.011028,0.012613,0.016756,0.012248
0,0.0030032,0.00069793,0.014931,0.0009189
0,0.010308,0.00036768,0.015349,0.012921
0,0.010298,0.0083097,0.015158,0.018842
0,0.042186,0.0053711,0.019918,0.010149
0,0.0092577,0.013357,0.01822,0.0009546
0,0.0097411,0.0074349,0.014572,0.011698
1,0.22289,0.20354,0.051824,0.54491
0,0.018457,0.008692,0.051097,0.013427
0,0.0089327,0.0056234,0.012386,0.019598
0,0.012483,0.018296,0.012242,0.0026343
0,0.0086112,0.037062,0.01799,0.017945
0,0.01371,0.012288,0.010685,0.01215
1,0.044592,0.45843,0.9302,0.74981
0,0.0085513,0.0044113,0.015534,0.010669
0,0.029884,0.022816,0.012664,0.0067773
0,0.001772,0.0061431,0.018459,0.0084561
0,0.01371,0.0053464,0.016937,0.0051126
0,0.0096875,0.053041,0.015372,0.0098346
0,0.16912,0.047142,0.018563,0.018171
0,0.012974,0.0013034,0.015572,0.020963
0,0.01374,0.22139,0.01023,0.008916
0,0.022219,0.022537,0.014084,0.014124
0,0.013476,0.027261,0.015893,0.025961
0,0.01101,0.0051726,0.016332,0.017888
0,0.01107,0.021015,0.016768,0.010405
0,0.030088,0.00096367,0.018765,0.014578
0,0.0011736,0.0060966,0.016384,0.0091087
0,0.032886,0.0099961,0.013409,0.039176
0,0.043082,0.023126,0.011189,0.019777
0,0.00011341,0.009766,0.016624,0.0072518
0,0.019859,0.0024217,0.0064343,0.022808
